elapsed_s,event,value,qualification
0,central_state,5,readable_is_not_authenticated
0,discovered_local_identifier,77F43C46-4B48-12DD-419F-060162613B66,readable_is_not_authenticated
0,discovered_local_identifier,95340181-4ADE-FFC2-1268-164A583DBB8B,readable_is_not_authenticated
0,discovered_local_identifier,84BAEBAE-8DA5-77A5-4F8F-E235A3698449,readable_is_not_authenticated
0,discovered_local_identifier,87206631-24ED-F2F2-AEA4-2C7C0B02F5A4,readable_is_not_authenticated
0,discovered_local_identifier,87206631-24ED-F2F2-AEA4-2C7C0B02F5A4,readable_is_not_authenticated
0,discovered_local_identifier,92C80623-5F08-5940-E52E-1F24F58D9B93,readable_is_not_authenticated
0,discovered_local_identifier,92C80623-5F08-5940-E52E-1F24F58D9B93,readable_is_not_authenticated
0,discovered_local_identifier,AF39988A-7D90-9DF6-6879-2AABF1BBCB14,readable_is_not_authenticated
0,discovered_local_identifier,87206631-24ED-F2F2-AEA4-2C7C0B02F5A4,readable_is_not_authenticated
0,discovered_local_identifier,6BCF76E1-C3AD-CE48-C9B1-87561B4A57BC,readable_is_not_authenticated
0,discovered_local_identifier,4F6E14C6-7D00-79D8-DD68-538E5D0B5F33,readable_is_not_authenticated
0,discovered_local_identifier,D61CB12A-1BA8-452B-BE9C-2A34F399BBE1,readable_is_not_authenticated
0,discovered_local_identifier,D61CB12A-1BA8-452B-BE9C-2A34F399BBE1,readable_is_not_authenticated
0,discovered_local_identifier,AF39988A-7D90-9DF6-6879-2AABF1BBCB14,readable_is_not_authenticated
0,discovered_local_identifier,AF39988A-7D90-9DF6-6879-2AABF1BBCB14,readable_is_not_authenticated
0,discovered_local_identifier,58065113-A044-0B9A-45C7-B7E74995A4E8,readable_is_not_authenticated
0,discovered_local_identifier,D61CB12A-1BA8-452B-BE9C-2A34F399BBE1,readable_is_not_authenticated
0,discovered_local_identifier,D61CB12A-1BA8-452B-BE9C-2A34F399BBE1,readable_is_not_authenticated
0,discovered_local_identifier,D61CB12A-1BA8-452B-BE9C-2A34F399BBE1,readable_is_not_authenticated
0,discovered_local_identifier,87206631-24ED-F2F2-AEA4-2C7C0B02F5A4,readable_is_not_authenticated
0,discovered_local_identifier,87206631-24ED-F2F2-AEA4-2C7C0B02F5A4,readable_is_not_authenticated
0,discovered_local_identifier,6BCF76E1-C3AD-CE48-C9B1-87561B4A57BC,readable_is_not_authenticated
0,discovered_local_identifier,6BCF76E1-C3AD-CE48-C9B1-87561B4A57BC,readable_is_not_authenticated
0,discovered_local_identifier,77F43C46-4B48-12DD-419F-060162613B66,readable_is_not_authenticated
0,discovered_local_identifier,AF39988A-7D90-9DF6-6879-2AABF1BBCB14,readable_is_not_authenticated
0,discovered_local_identifier,AF39988A-7D90-9DF6-6879-2AABF1BBCB14,readable_is_not_authenticated
0,discovered_local_identifier,87206631-24ED-F2F2-AEA4-2C7C0B02F5A4,readable_is_not_authenticated
0,discovered_local_identifier,87206631-24ED-F2F2-AEA4-2C7C0B02F5A4,readable_is_not_authenticated
0,discovered_local_identifier,4629C383-AD64-6DDD-D765-491B47112E0F,readable_is_not_authenticated
0,discovered_local_identifier,4629C383-AD64-6DDD-D765-491B47112E0F,readable_is_not_authenticated
0,discovered_local_identifier,AF39988A-7D90-9DF6-6879-2AABF1BBCB14,readable_is_not_authenticated
0,discovered_local_identifier,AF39988A-7D90-9DF6-6879-2AABF1BBCB14,readable_is_not_authenticated
0,discovered_local_identifier,87206631-24ED-F2F2-AEA4-2C7C0B02F5A4,readable_is_not_authenticated
0,discovered_local_identifier,28BF2C94-96BE-C442-3704-72CA0C48AA24,readable_is_not_authenticated
0,discovered_local_identifier,C2774F9E-2451-A2F7-C367-A72E110C01E8,readable_is_not_authenticated
0,discovered_local_identifier,201323A6-9C9D-3B66-9A9F-A9D52BEDF519,readable_is_not_authenticated
0,discovered_local_identifier,201323A6-9C9D-3B66-9A9F-A9D52BEDF519,readable_is_not_authenticated
1,discovered_local_identifier,7D3E5FCE-7CA1-E75B-2947-FDF098AE2B1D,readable_is_not_authenticated
1,discovered_local_identifier,E63F8F4D-E82A-D4FE-078E-3B900046446A,readable_is_not_authenticated
1,discovered_local_identifier,ED70AB26-58BA-9C0C-527C-58EE2782B0F9,readable_is_not_authenticated
1,discovered_local_identifier,84BAEBAE-8DA5-77A5-4F8F-E235A3698449,readable_is_not_authenticated
1,discovered_local_identifier,87206631-24ED-F2F2-AEA4-2C7C0B02F5A4,readable_is_not_authenticated
1,discovered_local_identifier,AF39988A-7D90-9DF6-6879-2AABF1BBCB14,readable_is_not_authenticated
1,discovered_local_identifier,AF39988A-7D90-9DF6-6879-2AABF1BBCB14,readable_is_not_authenticated
1,discovered_local_identifier,F999B69D-47F7-9874-10E4-C8C4EEADDEE0,readable_is_not_authenticated
1,discovered_local_identifier,87206631-24ED-F2F2-AEA4-2C7C0B02F5A4,readable_is_not_authenticated
1,discovered_local_identifier,890C9DCF-DA6D-7430-B774-12B216F6A1E3,readable_is_not_authenticated
1,discovered_local_identifier,B12FD0AF-5EEA-5BC6-893C-5F6CFEA51159,readable_is_not_authenticated
1,discovered_local_identifier,87206631-24ED-F2F2-AEA4-2C7C0B02F5A4,readable_is_not_authenticated
1,discovered_local_identifier,87206631-24ED-F2F2-AEA4-2C7C0B02F5A4,readable_is_not_authenticated
1,discovered_local_identifier,87206631-24ED-F2F2-AEA4-2C7C0B02F5A4,readable_is_not_authenticated
1,discovered_local_identifier,87206631-24ED-F2F2-AEA4-2C7C0B02F5A4,readable_is_not_authenticated
1,discovered_local_identifier,AF39988A-7D90-9DF6-6879-2AABF1BBCB14,readable_is_not_authenticated
1,discovered_local_identifier,AF39988A-7D90-9DF6-6879-2AABF1BBCB14,readable_is_not_authenticated
1,discovered_local_identifier,AF39988A-7D90-9DF6-6879-2AABF1BBCB14,readable_is_not_authenticated
1,discovered_local_identifier,7D3E5FCE-7CA1-E75B-2947-FDF098AE2B1D,readable_is_not_authenticated
1,discovered_local_identifier,7D3E5FCE-7CA1-E75B-2947-FDF098AE2B1D,readable_is_not_authenticated
1,discovered_local_identifier,DF08A7E0-2CD9-5D3B-D1B3-008810A3D5D1,readable_is_not_authenticated
1,discovered_local_identifier,DF08A7E0-2CD9-5D3B-D1B3-008810A3D5D1,readable_is_not_authenticated
1,discovered_local_identifier,87206631-24ED-F2F2-AEA4-2C7C0B02F5A4,readable_is_not_authenticated
1,discovered_local_identifier,AF39988A-7D90-9DF6-6879-2AABF1BBCB14,readable_is_not_authenticated
1,discovered_local_identifier,87206631-24ED-F2F2-AEA4-2C7C0B02F5A4,readable_is_not_authenticated
1,discovered_local_identifier,58065113-A044-0B9A-45C7-B7E74995A4E8,readable_is_not_authenticated
1,discovered_local_identifier,58065113-A044-0B9A-45C7-B7E74995A4E8,readable_is_not_authenticated
2,discovered_local_identifier,00D3D6F9-F469-69C5-B865-0A0098068AD0,readable_is_not_authenticated
2,discovered_local_identifier,00D3D6F9-F469-69C5-B865-0A0098068AD0,readable_is_not_authenticated
2,discovered_local_identifier,890C9DCF-DA6D-7430-B774-12B216F6A1E3,readable_is_not_authenticated
2,discovered_local_identifier,77F43C46-4B48-12DD-419F-060162613B66,readable_is_not_authenticated
2,discovered_local_identifier,DF08A7E0-2CD9-5D3B-D1B3-008810A3D5D1,readable_is_not_authenticated
2,discovered_local_identifier,DF08A7E0-2CD9-5D3B-D1B3-008810A3D5D1,readable_is_not_authenticated
2,discovered_local_identifier,DA0501AF-DE82-A00E-2333-2EC28BF49F91,readable_is_not_authenticated
2,discovered_local_identifier,87206631-24ED-F2F2-AEA4-2C7C0B02F5A4,readable_is_not_authenticated
2,discovered_local_identifier,87206631-24ED-F2F2-AEA4-2C7C0B02F5A4,readable_is_not_authenticated
2,discovered_local_identifier,2EF4FC09-5FD1-A806-C332-159FC0423CF8,readable_is_not_authenticated
2,discovered_local_identifier,87206631-24ED-F2F2-AEA4-2C7C0B02F5A4,readable_is_not_authenticated
2,discovered_local_identifier,8B0E7D6F-4451-43B2-8646-1F874D900CAF,readable_is_not_authenticated
2,discovered_local_identifier,8B0E7D6F-4451-43B2-8646-1F874D900CAF,readable_is_not_authenticated
2,discovered_local_identifier,8B0E7D6F-4451-43B2-8646-1F874D900CAF,readable_is_not_authenticated
2,discovered_local_identifier,AF39988A-7D90-9DF6-6879-2AABF1BBCB14,readable_is_not_authenticated
2,discovered_local_identifier,AF39988A-7D90-9DF6-6879-2AABF1BBCB14,readable_is_not_authenticated
2,discovered_local_identifier,87206631-24ED-F2F2-AEA4-2C7C0B02F5A4,readable_is_not_authenticated
2,discovered_local_identifier,87206631-24ED-F2F2-AEA4-2C7C0B02F5A4,readable_is_not_authenticated
2,discovered_local_identifier,ED70AB26-58BA-9C0C-527C-58EE2782B0F9,readable_is_not_authenticated
2,discovered_local_identifier,87206631-24ED-F2F2-AEA4-2C7C0B02F5A4,readable_is_not_authenticated
2,discovered_local_identifier,C2774F9E-2451-A2F7-C367-A72E110C01E8,readable_is_not_authenticated
2,discovered_local_identifier,87206631-24ED-F2F2-AEA4-2C7C0B02F5A4,readable_is_not_authenticated
2,discovered_local_identifier,D61CB12A-1BA8-452B-BE9C-2A34F399BBE1,readable_is_not_authenticated
2,discovered_local_identifier,D61CB12A-1BA8-452B-BE9C-2A34F399BBE1,readable_is_not_authenticated
2,discovered_local_identifier,58065113-A044-0B9A-45C7-B7E74995A4E8,readable_is_not_authenticated
2,discovered_local_identifier,58065113-A044-0B9A-45C7-B7E74995A4E8,readable_is_not_authenticated
2,discovered_local_identifier,95340181-4ADE-FFC2-1268-164A583DBB8B,readable_is_not_authenticated
2,discovered_local_identifier,95340181-4ADE-FFC2-1268-164A583DBB8B,readable_is_not_authenticated
3,discovered_local_identifier,D61CB12A-1BA8-452B-BE9C-2A34F399BBE1,readable_is_not_authenticated
3,discovered_local_identifier,95340181-4ADE-FFC2-1268-164A583DBB8B,readable_is_not_authenticated
3,discovered_local_identifier,95340181-4ADE-FFC2-1268-164A583DBB8B,readable_is_not_authenticated
3,discovered_local_identifier,AF39988A-7D90-9DF6-6879-2AABF1BBCB14,readable_is_not_authenticated
3,discovered_local_identifier,AF39988A-7D90-9DF6-6879-2AABF1BBCB14,readable_is_not_authenticated
3,discovered_local_identifier,890C9DCF-DA6D-7430-B774-12B216F6A1E3,readable_is_not_authenticated
3,discovered_local_identifier,B12FD0AF-5EEA-5BC6-893C-5F6CFEA51159,readable_is_not_authenticated
3,discovered_local_identifier,87206631-24ED-F2F2-AEA4-2C7C0B02F5A4,readable_is_not_authenticated
3,discovered_local_identifier,95340181-4ADE-FFC2-1268-164A583DBB8B,readable_is_not_authenticated
3,discovered_local_identifier,95340181-4ADE-FFC2-1268-164A583DBB8B,readable_is_not_authenticated
3,discovered_local_identifier,95340181-4ADE-FFC2-1268-164A583DBB8B,readable_is_not_authenticated
3,discovered_local_identifier,58065113-A044-0B9A-45C7-B7E74995A4E8,readable_is_not_authenticated
3,discovered_local_identifier,ED70AB26-58BA-9C0C-527C-58EE2782B0F9,readable_is_not_authenticated
3,discovered_local_identifier,77F43C46-4B48-12DD-419F-060162613B66,readable_is_not_authenticated
3,discovered_local_identifier,87206631-24ED-F2F2-AEA4-2C7C0B02F5A4,readable_is_not_authenticated
3,discovered_local_identifier,87206631-24ED-F2F2-AEA4-2C7C0B02F5A4,readable_is_not_authenticated
3,discovered_local_identifier,4F6E14C6-7D00-79D8-DD68-538E5D0B5F33,readable_is_not_authenticated
3,discovered_local_identifier,87206631-24ED-F2F2-AEA4-2C7C0B02F5A4,readable_is_not_authenticated
3,discovered_local_identifier,87206631-24ED-F2F2-AEA4-2C7C0B02F5A4,readable_is_not_authenticated
3,discovered_local_identifier,87206631-24ED-F2F2-AEA4-2C7C0B02F5A4,readable_is_not_authenticated
3,discovered_local_identifier,AF39988A-7D90-9DF6-6879-2AABF1BBCB14,readable_is_not_authenticated
3,discovered_local_identifier,AF39988A-7D90-9DF6-6879-2AABF1BBCB14,readable_is_not_authenticated
3,discovered_local_identifier,5222C8D6-8D0B-3FEB-B729-D20EFF1A452E,readable_is_not_authenticated
3,discovered_local_identifier,5222C8D6-8D0B-3FEB-B729-D20EFF1A452E,readable_is_not_authenticated
3,discovered_local_identifier,C2774F9E-2451-A2F7-C367-A72E110C01E8,readable_is_not_authenticated
3,discovered_local_identifier,5FB0FB02-99F2-3C00-8199-DEA61EC7AE10,readable_is_not_authenticated
3,discovered_local_identifier,5FB0FB02-99F2-3C00-8199-DEA61EC7AE10,readable_is_not_authenticated
3,discovered_local_identifier,87206631-24ED-F2F2-AEA4-2C7C0B02F5A4,readable_is_not_authenticated
4,discovered_local_identifier,B12FD0AF-5EEA-5BC6-893C-5F6CFEA51159,readable_is_not_authenticated
4,discovered_local_identifier,87206631-24ED-F2F2-AEA4-2C7C0B02F5A4,readable_is_not_authenticated
4,discovered_local_identifier,87206631-24ED-F2F2-AEA4-2C7C0B02F5A4,readable_is_not_authenticated
4,discovered_local_identifier,28BF2C94-96BE-C442-3704-72CA0C48AA24,readable_is_not_authenticated
4,discovered_local_identifier,AF39988A-7D90-9DF6-6879-2AABF1BBCB14,readable_is_not_authenticated
4,discovered_local_identifier,AF39988A-7D90-9DF6-6879-2AABF1BBCB14,readable_is_not_authenticated
4,discovered_local_identifier,D7DF2187-5D6D-310B-CA58-54930F1145A5,readable_is_not_authenticated
4,discovered_local_identifier,00D3D6F9-F469-69C5-B865-0A0098068AD0,readable_is_not_authenticated
4,discovered_local_identifier,00D3D6F9-F469-69C5-B865-0A0098068AD0,readable_is_not_authenticated
4,discovered_local_identifier,87206631-24ED-F2F2-AEA4-2C7C0B02F5A4,readable_is_not_authenticated
4,discovered_local_identifier,AF39988A-7D90-9DF6-6879-2AABF1BBCB14,readable_is_not_authenticated
4,discovered_local_identifier,AF39988A-7D90-9DF6-6879-2AABF1BBCB14,readable_is_not_authenticated
4,discovered_local_identifier,AF39988A-7D90-9DF6-6879-2AABF1BBCB14,readable_is_not_authenticated
4,discovered_local_identifier,AF39988A-7D90-9DF6-6879-2AABF1BBCB14,readable_is_not_authenticated
4,discovered_local_identifier,58065113-A044-0B9A-45C7-B7E74995A4E8,readable_is_not_authenticated
4,discovered_local_identifier,ED70AB26-58BA-9C0C-527C-58EE2782B0F9,readable_is_not_authenticated
4,discovered_local_identifier,5222C8D6-8D0B-3FEB-B729-D20EFF1A452E,readable_is_not_authenticated
4,discovered_local_identifier,87206631-24ED-F2F2-AEA4-2C7C0B02F5A4,readable_is_not_authenticated
4,discovered_local_identifier,6BCF76E1-C3AD-CE48-C9B1-87561B4A57BC,readable_is_not_authenticated
4,discovered_local_identifier,87206631-24ED-F2F2-AEA4-2C7C0B02F5A4,readable_is_not_authenticated
4,discovered_local_identifier,87206631-24ED-F2F2-AEA4-2C7C0B02F5A4,readable_is_not_authenticated
4,discovered_local_identifier,87206631-24ED-F2F2-AEA4-2C7C0B02F5A4,readable_is_not_authenticated
5,discovered_local_identifier,6BCF76E1-C3AD-CE48-C9B1-87561B4A57BC,readable_is_not_authenticated
5,discovered_local_identifier,6BCF76E1-C3AD-CE48-C9B1-87561B4A57BC,readable_is_not_authenticated
5,discovered_local_identifier,2EF4FC09-5FD1-A806-C332-159FC0423CF8,readable_is_not_authenticated
5,discovered_local_identifier,AF39988A-7D90-9DF6-6879-2AABF1BBCB14,readable_is_not_authenticated
5,discovered_local_identifier,AF39988A-7D90-9DF6-6879-2AABF1BBCB14,readable_is_not_authenticated
5,discovered_local_identifier,87206631-24ED-F2F2-AEA4-2C7C0B02F5A4,readable_is_not_authenticated
5,discovered_local_identifier,D61CB12A-1BA8-452B-BE9C-2A34F399BBE1,readable_is_not_authenticated
5,discovered_local_identifier,D61CB12A-1BA8-452B-BE9C-2A34F399BBE1,readable_is_not_authenticated
5,discovered_local_identifier,84BAEBAE-8DA5-77A5-4F8F-E235A3698449,readable_is_not_authenticated
5,discovered_local_identifier,84BAEBAE-8DA5-77A5-4F8F-E235A3698449,readable_is_not_authenticated
5,discovered_local_identifier,87206631-24ED-F2F2-AEA4-2C7C0B02F5A4,readable_is_not_authenticated
5,discovered_local_identifier,87206631-24ED-F2F2-AEA4-2C7C0B02F5A4,readable_is_not_authenticated
5,discovered_local_identifier,E63F8F4D-E82A-D4FE-078E-3B900046446A,readable_is_not_authenticated
5,discovered_local_identifier,AF39988A-7D90-9DF6-6879-2AABF1BBCB14,readable_is_not_authenticated
5,discovered_local_identifier,87206631-24ED-F2F2-AEA4-2C7C0B02F5A4,readable_is_not_authenticated
5,discovered_local_identifier,B12FD0AF-5EEA-5BC6-893C-5F6CFEA51159,readable_is_not_authenticated
5,discovered_local_identifier,87206631-24ED-F2F2-AEA4-2C7C0B02F5A4,readable_is_not_authenticated
5,discovered_local_identifier,87206631-24ED-F2F2-AEA4-2C7C0B02F5A4,readable_is_not_authenticated
5,discovered_local_identifier,AF39988A-7D90-9DF6-6879-2AABF1BBCB14,readable_is_not_authenticated
5,discovered_local_identifier,AF39988A-7D90-9DF6-6879-2AABF1BBCB14,readable_is_not_authenticated
5,discovered_local_identifier,87206631-24ED-F2F2-AEA4-2C7C0B02F5A4,readable_is_not_authenticated
5,discovered_local_identifier,DF08A7E0-2CD9-5D3B-D1B3-008810A3D5D1,readable_is_not_authenticated
5,discovered_local_identifier,DF08A7E0-2CD9-5D3B-D1B3-008810A3D5D1,readable_is_not_authenticated
5,discovered_local_identifier,C2774F9E-2451-A2F7-C367-A72E110C01E8,readable_is_not_authenticated
5,discovered_local_identifier,AF39988A-7D90-9DF6-6879-2AABF1BBCB14,readable_is_not_authenticated
5,discovered_local_identifier,AF39988A-7D90-9DF6-6879-2AABF1BBCB14,readable_is_not_authenticated
5,discovered_local_identifier,87206631-24ED-F2F2-AEA4-2C7C0B02F5A4,readable_is_not_authenticated
5,discovered_local_identifier,87206631-24ED-F2F2-AEA4-2C7C0B02F5A4,readable_is_not_authenticated
5,discovered_local_identifier,77F43C46-4B48-12DD-419F-060162613B66,readable_is_not_authenticated
5,discovered_local_identifier,58065113-A044-0B9A-45C7-B7E74995A4E8,readable_is_not_authenticated
5,discovered_local_identifier,58065113-A044-0B9A-45C7-B7E74995A4E8,readable_is_not_authenticated
5,discovered_local_identifier,A6D55A17-190E-BB1A-7660-065064F6ED04,readable_is_not_authenticated
6,discovered_local_identifier,87206631-24ED-F2F2-AEA4-2C7C0B02F5A4,readable_is_not_authenticated
6,discovered_local_identifier,87206631-24ED-F2F2-AEA4-2C7C0B02F5A4,readable_is_not_authenticated
6,discovered_local_identifier,1E58F7C4-3284-BCF8-DA80-C136AFA9BB72,readable_is_not_authenticated
6,discovered_local_identifier,7D3E5FCE-7CA1-E75B-2947-FDF098AE2B1D,readable_is_not_authenticated
6,discovered_local_identifier,7D3E5FCE-7CA1-E75B-2947-FDF098AE2B1D,readable_is_not_authenticated
6,discovered_local_identifier,AF39988A-7D90-9DF6-6879-2AABF1BBCB14,readable_is_not_authenticated
6,discovered_local_identifier,00D3D6F9-F469-69C5-B865-0A0098068AD0,readable_is_not_authenticated
6,discovered_local_identifier,87206631-24ED-F2F2-AEA4-2C7C0B02F5A4,readable_is_not_authenticated
6,discovered_local_identifier,B1968B12-2E85-B8BB-BE87-3C386BEA4135,readable_is_not_authenticated
6,discovered_local_identifier,B1968B12-2E85-B8BB-BE87-3C386BEA4135,readable_is_not_authenticated
6,discovered_local_identifier,5222C8D6-8D0B-3FEB-B729-D20EFF1A452E,readable_is_not_authenticated
6,discovered_local_identifier,77F43C46-4B48-12DD-419F-060162613B66,readable_is_not_authenticated
6,discovered_local_identifier,95340181-4ADE-FFC2-1268-164A583DBB8B,readable_is_not_authenticated
6,discovered_local_identifier,95340181-4ADE-FFC2-1268-164A583DBB8B,readable_is_not_authenticated
6,discovered_local_identifier,D61CB12A-1BA8-452B-BE9C-2A34F399BBE1,readable_is_not_authenticated
6,discovered_local_identifier,D61CB12A-1BA8-452B-BE9C-2A34F399BBE1,readable_is_not_authenticated
6,discovered_local_identifier,84BAEBAE-8DA5-77A5-4F8F-E235A3698449,readable_is_not_authenticated
6,discovered_local_identifier,87206631-24ED-F2F2-AEA4-2C7C0B02F5A4,readable_is_not_authenticated
6,discovered_local_identifier,58065113-A044-0B9A-45C7-B7E74995A4E8,readable_is_not_authenticated
6,discovered_local_identifier,87206631-24ED-F2F2-AEA4-2C7C0B02F5A4,readable_is_not_authenticated
6,discovered_local_identifier,87206631-24ED-F2F2-AEA4-2C7C0B02F5A4,readable_is_not_authenticated
6,discovered_local_identifier,95340181-4ADE-FFC2-1268-164A583DBB8B,readable_is_not_authenticated
6,discovered_local_identifier,95340181-4ADE-FFC2-1268-164A583DBB8B,readable_is_not_authenticated
6,discovered_local_identifier,87206631-24ED-F2F2-AEA4-2C7C0B02F5A4,readable_is_not_authenticated
6,discovered_local_identifier,87206631-24ED-F2F2-AEA4-2C7C0B02F5A4,readable_is_not_authenticated
6,discovered_local_identifier,5FB0FB02-99F2-3C00-8199-DEA61EC7AE10,readable_is_not_authenticated
6,discovered_local_identifier,C2774F9E-2451-A2F7-C367-A72E110C01E8,readable_is_not_authenticated
6,discovered_local_identifier,890C9DCF-DA6D-7430-B774-12B216F6A1E3,readable_is_not_authenticated
6,discovered_local_identifier,ED70AB26-58BA-9C0C-527C-58EE2782B0F9,readable_is_not_authenticated
6,discovered_local_identifier,DF08A7E0-2CD9-5D3B-D1B3-008810A3D5D1,readable_is_not_authenticated
6,discovered_local_identifier,DF08A7E0-2CD9-5D3B-D1B3-008810A3D5D1,readable_is_not_authenticated
6,discovered_local_identifier,890C9DCF-DA6D-7430-B774-12B216F6A1E3,readable_is_not_authenticated
7,discovered_local_identifier,87206631-24ED-F2F2-AEA4-2C7C0B02F5A4,readable_is_not_authenticated
7,discovered_local_identifier,AF39988A-7D90-9DF6-6879-2AABF1BBCB14,readable_is_not_authenticated
7,discovered_local_identifier,AF39988A-7D90-9DF6-6879-2AABF1BBCB14,readable_is_not_authenticated
7,discovered_local_identifier,5222C8D6-8D0B-3FEB-B729-D20EFF1A452E,readable_is_not_authenticated
7,discovered_local_identifier,5222C8D6-8D0B-3FEB-B729-D20EFF1A452E,readable_is_not_authenticated
7,discovered_local_identifier,87206631-24ED-F2F2-AEA4-2C7C0B02F5A4,readable_is_not_authenticated
7,discovered_local_identifier,87206631-24ED-F2F2-AEA4-2C7C0B02F5A4,readable_is_not_authenticated
7,discovered_local_identifier,B12FD0AF-5EEA-5BC6-893C-5F6CFEA51159,readable_is_not_authenticated
7,discovered_local_identifier,B12FD0AF-5EEA-5BC6-893C-5F6CFEA51159,readable_is_not_authenticated
7,discovered_local_identifier,92C80623-5F08-5940-E52E-1F24F58D9B93,readable_is_not_authenticated
7,discovered_local_identifier,C2774F9E-2451-A2F7-C367-A72E110C01E8,readable_is_not_authenticated
7,discovered_local_identifier,87206631-24ED-F2F2-AEA4-2C7C0B02F5A4,readable_is_not_authenticated
7,discovered_local_identifier,58065113-A044-0B9A-45C7-B7E74995A4E8,readable_is_not_authenticated
7,discovered_local_identifier,D7DF2187-5D6D-310B-CA58-54930F1145A5,readable_is_not_authenticated
7,discovered_local_identifier,AF39988A-7D90-9DF6-6879-2AABF1BBCB14,readable_is_not_authenticated
7,discovered_local_identifier,87206631-24ED-F2F2-AEA4-2C7C0B02F5A4,readable_is_not_authenticated
7,discovered_local_identifier,890C9DCF-DA6D-7430-B774-12B216F6A1E3,readable_is_not_authenticated
7,discovered_local_identifier,58065113-A044-0B9A-45C7-B7E74995A4E8,readable_is_not_authenticated
7,discovered_local_identifier,58065113-A044-0B9A-45C7-B7E74995A4E8,readable_is_not_authenticated
7,discovered_local_identifier,58065113-A044-0B9A-45C7-B7E74995A4E8,readable_is_not_authenticated
7,discovered_local_identifier,AF39988A-7D90-9DF6-6879-2AABF1BBCB14,readable_is_not_authenticated
7,discovered_local_identifier,AF39988A-7D90-9DF6-6879-2AABF1BBCB14,readable_is_not_authenticated
7,discovered_local_identifier,77F43C46-4B48-12DD-419F-060162613B66,readable_is_not_authenticated
7,discovered_local_identifier,58065113-A044-0B9A-45C7-B7E74995A4E8,readable_is_not_authenticated
7,discovered_local_identifier,58065113-A044-0B9A-45C7-B7E74995A4E8,readable_is_not_authenticated
7,discovered_local_identifier,AF39988A-7D90-9DF6-6879-2AABF1BBCB14,readable_is_not_authenticated
7,discovered_local_identifier,AF39988A-7D90-9DF6-6879-2AABF1BBCB14,readable_is_not_authenticated
7,discovered_local_identifier,B12FD0AF-5EEA-5BC6-893C-5F6CFEA51159,readable_is_not_authenticated
7,discovered_local_identifier,87206631-24ED-F2F2-AEA4-2C7C0B02F5A4,readable_is_not_authenticated
8,discovered_local_identifier,58065113-A044-0B9A-45C7-B7E74995A4E8,readable_is_not_authenticated
8,discovered_local_identifier,58065113-A044-0B9A-45C7-B7E74995A4E8,readable_is_not_authenticated
8,discovered_local_identifier,8B0E7D6F-4451-43B2-8646-1F874D900CAF,readable_is_not_authenticated
8,discovered_local_identifier,B1968B12-2E85-B8BB-BE87-3C386BEA4135,readable_is_not_authenticated
8,discovered_local_identifier,B1968B12-2E85-B8BB-BE87-3C386BEA4135,readable_is_not_authenticated
8,discovered_local_identifier,AF39988A-7D90-9DF6-6879-2AABF1BBCB14,readable_is_not_authenticated
8,discovered_local_identifier,AF39988A-7D90-9DF6-6879-2AABF1BBCB14,readable_is_not_authenticated
8,discovered_local_identifier,87206631-24ED-F2F2-AEA4-2C7C0B02F5A4,readable_is_not_authenticated
8,discovered_local_identifier,87206631-24ED-F2F2-AEA4-2C7C0B02F5A4,readable_is_not_authenticated
8,discovered_local_identifier,87206631-24ED-F2F2-AEA4-2C7C0B02F5A4,readable_is_not_authenticated
8,discovered_local_identifier,AF39988A-7D90-9DF6-6879-2AABF1BBCB14,readable_is_not_authenticated
8,discovered_local_identifier,87206631-24ED-F2F2-AEA4-2C7C0B02F5A4,readable_is_not_authenticated
8,discovered_local_identifier,58065113-A044-0B9A-45C7-B7E74995A4E8,readable_is_not_authenticated
8,discovered_local_identifier,AF39988A-7D90-9DF6-6879-2AABF1BBCB14,readable_is_not_authenticated
8,discovered_local_identifier,87206631-24ED-F2F2-AEA4-2C7C0B02F5A4,readable_is_not_authenticated
8,discovered_local_identifier,890C9DCF-DA6D-7430-B774-12B216F6A1E3,readable_is_not_authenticated
8,discovered_local_identifier,890C9DCF-DA6D-7430-B774-12B216F6A1E3,readable_is_not_authenticated
8,discovered_local_identifier,4F6E14C6-7D00-79D8-DD68-538E5D0B5F33,readable_is_not_authenticated
8,discovered_local_identifier,4F6E14C6-7D00-79D8-DD68-538E5D0B5F33,readable_is_not_authenticated
8,discovered_local_identifier,87206631-24ED-F2F2-AEA4-2C7C0B02F5A4,readable_is_not_authenticated
8,discovered_local_identifier,87206631-24ED-F2F2-AEA4-2C7C0B02F5A4,readable_is_not_authenticated
8,discovered_local_identifier,AF39988A-7D90-9DF6-6879-2AABF1BBCB14,readable_is_not_authenticated
8,discovered_local_identifier,B1968B12-2E85-B8BB-BE87-3C386BEA4135,readable_is_not_authenticated
8,discovered_local_identifier,B1968B12-2E85-B8BB-BE87-3C386BEA4135,readable_is_not_authenticated
8,discovered_local_identifier,C2774F9E-2451-A2F7-C367-A72E110C01E8,readable_is_not_authenticated
8,discovered_local_identifier,890C9DCF-DA6D-7430-B774-12B216F6A1E3,readable_is_not_authenticated
8,discovered_local_identifier,DF4FB849-533B-3D09-1911-1BFCE82B913F,readable_is_not_authenticated
8,discovered_local_identifier,AF39988A-7D90-9DF6-6879-2AABF1BBCB14,readable_is_not_authenticated
8,discovered_local_identifier,AF39988A-7D90-9DF6-6879-2AABF1BBCB14,readable_is_not_authenticated
8,discovered_local_identifier,AF39988A-7D90-9DF6-6879-2AABF1BBCB14,readable_is_not_authenticated
8,discovered_local_identifier,84BAEBAE-8DA5-77A5-4F8F-E235A3698449,readable_is_not_authenticated
8,discovered_local_identifier,87206631-24ED-F2F2-AEA4-2C7C0B02F5A4,readable_is_not_authenticated
8,discovered_local_identifier,87206631-24ED-F2F2-AEA4-2C7C0B02F5A4,readable_is_not_authenticated
9,discovered_local_identifier,AF39988A-7D90-9DF6-6879-2AABF1BBCB14,readable_is_not_authenticated
9,discovered_local_identifier,FF779C41-B33D-BC23-FBEA-3DB7A992C46B,readable_is_not_authenticated
9,discovered_local_identifier,87206631-24ED-F2F2-AEA4-2C7C0B02F5A4,readable_is_not_authenticated
9,discovered_local_identifier,AF39988A-7D90-9DF6-6879-2AABF1BBCB14,readable_is_not_authenticated
9,discovered_local_identifier,84BAEBAE-8DA5-77A5-4F8F-E235A3698449,readable_is_not_authenticated
9,discovered_local_identifier,87206631-24ED-F2F2-AEA4-2C7C0B02F5A4,readable_is_not_authenticated
9,discovered_local_identifier,58065113-A044-0B9A-45C7-B7E74995A4E8,readable_is_not_authenticated
9,discovered_local_identifier,58065113-A044-0B9A-45C7-B7E74995A4E8,readable_is_not_authenticated
9,discovered_local_identifier,28BF2C94-96BE-C442-3704-72CA0C48AA24,readable_is_not_authenticated
9,discovered_local_identifier,6BCF76E1-C3AD-CE48-C9B1-87561B4A57BC,readable_is_not_authenticated
9,discovered_local_identifier,6BCF76E1-C3AD-CE48-C9B1-87561B4A57BC,readable_is_not_authenticated
9,discovered_local_identifier,87206631-24ED-F2F2-AEA4-2C7C0B02F5A4,readable_is_not_authenticated
9,discovered_local_identifier,95340181-4ADE-FFC2-1268-164A583DBB8B,readable_is_not_authenticated
9,discovered_local_identifier,58065113-A044-0B9A-45C7-B7E74995A4E8,readable_is_not_authenticated
9,discovered_local_identifier,87206631-24ED-F2F2-AEA4-2C7C0B02F5A4,readable_is_not_authenticated
9,discovered_local_identifier,D61CB12A-1BA8-452B-BE9C-2A34F399BBE1,readable_is_not_authenticated
9,discovered_local_identifier,AF39988A-7D90-9DF6-6879-2AABF1BBCB14,readable_is_not_authenticated
9,discovered_local_identifier,AF39988A-7D90-9DF6-6879-2AABF1BBCB14,readable_is_not_authenticated
9,discovered_local_identifier,95340181-4ADE-FFC2-1268-164A583DBB8B,readable_is_not_authenticated
9,discovered_local_identifier,95340181-4ADE-FFC2-1268-164A583DBB8B,readable_is_not_authenticated
9,discovered_local_identifier,ED70AB26-58BA-9C0C-527C-58EE2782B0F9,readable_is_not_authenticated
9,discovered_local_identifier,87206631-24ED-F2F2-AEA4-2C7C0B02F5A4,readable_is_not_authenticated
9,discovered_local_identifier,87206631-24ED-F2F2-AEA4-2C7C0B02F5A4,readable_is_not_authenticated
10,discovered_local_identifier,BEBC62C4-23FC-5752-06A6-F62685F2F089,readable_is_not_authenticated
10,discovered_local_identifier,95340181-4ADE-FFC2-1268-164A583DBB8B,readable_is_not_authenticated
10,discovered_local_identifier,95340181-4ADE-FFC2-1268-164A583DBB8B,readable_is_not_authenticated
10,discovered_local_identifier,87206631-24ED-F2F2-AEA4-2C7C0B02F5A4,readable_is_not_authenticated
10,discovered_local_identifier,87206631-24ED-F2F2-AEA4-2C7C0B02F5A4,readable_is_not_authenticated
10,discovered_local_identifier,F999B69D-47F7-9874-10E4-C8C4EEADDEE0,readable_is_not_authenticated
10,discovered_local_identifier,58065113-A044-0B9A-45C7-B7E74995A4E8,readable_is_not_authenticated
10,discovered_local_identifier,58065113-A044-0B9A-45C7-B7E74995A4E8,readable_is_not_authenticated
10,discovered_local_identifier,ED70AB26-58BA-9C0C-527C-58EE2782B0F9,readable_is_not_authenticated
10,discovered_local_identifier,C2774F9E-2451-A2F7-C367-A72E110C01E8,readable_is_not_authenticated
10,discovered_local_identifier,B12FD0AF-5EEA-5BC6-893C-5F6CFEA51159,readable_is_not_authenticated
10,discovered_local_identifier,890C9DCF-DA6D-7430-B774-12B216F6A1E3,readable_is_not_authenticated
10,discovered_local_identifier,58065113-A044-0B9A-45C7-B7E74995A4E8,readable_is_not_authenticated
10,discovered_local_identifier,58065113-A044-0B9A-45C7-B7E74995A4E8,readable_is_not_authenticated
10,discovered_local_identifier,77F43C46-4B48-12DD-419F-060162613B66,readable_is_not_authenticated
10,discovered_local_identifier,AF39988A-7D90-9DF6-6879-2AABF1BBCB14,readable_is_not_authenticated
10,discovered_local_identifier,AF39988A-7D90-9DF6-6879-2AABF1BBCB14,readable_is_not_authenticated
10,discovered_local_identifier,87206631-24ED-F2F2-AEA4-2C7C0B02F5A4,readable_is_not_authenticated
10,discovered_local_identifier,87206631-24ED-F2F2-AEA4-2C7C0B02F5A4,readable_is_not_authenticated
10,discovered_local_identifier,890C9DCF-DA6D-7430-B774-12B216F6A1E3,readable_is_not_authenticated
10,discovered_local_identifier,C34C47AF-DD30-F9A3-6BF5-3B60F4EF9423,readable_is_not_authenticated
10,discovered_local_identifier,C34C47AF-DD30-F9A3-6BF5-3B60F4EF9423,readable_is_not_authenticated
10,discovered_local_identifier,AF39988A-7D90-9DF6-6879-2AABF1BBCB14,readable_is_not_authenticated
10,discovered_local_identifier,87206631-24ED-F2F2-AEA4-2C7C0B02F5A4,readable_is_not_authenticated
10,discovered_local_identifier,87206631-24ED-F2F2-AEA4-2C7C0B02F5A4,readable_is_not_authenticated
10,discovered_local_identifier,58065113-A044-0B9A-45C7-B7E74995A4E8,readable_is_not_authenticated
10,discovered_local_identifier,87206631-24ED-F2F2-AEA4-2C7C0B02F5A4,readable_is_not_authenticated
10,discovered_local_identifier,87206631-24ED-F2F2-AEA4-2C7C0B02F5A4,readable_is_not_authenticated
11,discovered_local_identifier,AF39988A-7D90-9DF6-6879-2AABF1BBCB14,readable_is_not_authenticated
11,discovered_local_identifier,AF39988A-7D90-9DF6-6879-2AABF1BBCB14,readable_is_not_authenticated
11,discovered_local_identifier,2EF4FC09-5FD1-A806-C332-159FC0423CF8,readable_is_not_authenticated
11,discovered_local_identifier,2EF4FC09-5FD1-A806-C332-159FC0423CF8,readable_is_not_authenticated
11,discovered_local_identifier,DF08A7E0-2CD9-5D3B-D1B3-008810A3D5D1,readable_is_not_authenticated
11,discovered_local_identifier,58065113-A044-0B9A-45C7-B7E74995A4E8,readable_is_not_authenticated
11,discovered_local_identifier,E63F8F4D-E82A-D4FE-078E-3B900046446A,readable_is_not_authenticated
11,discovered_local_identifier,5FB0FB02-99F2-3C00-8199-DEA61EC7AE10,readable_is_not_authenticated
11,discovered_local_identifier,5FB0FB02-99F2-3C00-8199-DEA61EC7AE10,readable_is_not_authenticated
11,discovered_local_identifier,87206631-24ED-F2F2-AEA4-2C7C0B02F5A4,readable_is_not_authenticated
11,discovered_local_identifier,87206631-24ED-F2F2-AEA4-2C7C0B02F5A4,readable_is_not_authenticated
11,discovered_local_identifier,2EF4FC09-5FD1-A806-C332-159FC0423CF8,readable_is_not_authenticated
11,discovered_local_identifier,2EF4FC09-5FD1-A806-C332-159FC0423CF8,readable_is_not_authenticated
11,discovered_local_identifier,B1968B12-2E85-B8BB-BE87-3C386BEA4135,readable_is_not_authenticated
11,discovered_local_identifier,B1968B12-2E85-B8BB-BE87-3C386BEA4135,readable_is_not_authenticated
11,discovered_local_identifier,28BF2C94-96BE-C442-3704-72CA0C48AA24,readable_is_not_authenticated
11,discovered_local_identifier,28BF2C94-96BE-C442-3704-72CA0C48AA24,readable_is_not_authenticated
11,discovered_local_identifier,00D3D6F9-F469-69C5-B865-0A0098068AD0,readable_is_not_authenticated
11,discovered_local_identifier,00D3D6F9-F469-69C5-B865-0A0098068AD0,readable_is_not_authenticated
11,discovered_local_identifier,3380E06C-7281-455A-5A03-ADE7CA131044,readable_is_not_authenticated
11,discovered_local_identifier,3380E06C-7281-455A-5A03-ADE7CA131044,readable_is_not_authenticated
11,discovered_local_identifier,87206631-24ED-F2F2-AEA4-2C7C0B02F5A4,readable_is_not_authenticated
11,discovered_local_identifier,87206631-24ED-F2F2-AEA4-2C7C0B02F5A4,readable_is_not_authenticated
11,discovered_local_identifier,ED70AB26-58BA-9C0C-527C-58EE2782B0F9,readable_is_not_authenticated
11,discovered_local_identifier,DF08A7E0-2CD9-5D3B-D1B3-008810A3D5D1,readable_is_not_authenticated
11,discovered_local_identifier,DF08A7E0-2CD9-5D3B-D1B3-008810A3D5D1,readable_is_not_authenticated
11,discovered_local_identifier,77F43C46-4B48-12DD-419F-060162613B66,readable_is_not_authenticated
11,discovered_local_identifier,87206631-24ED-F2F2-AEA4-2C7C0B02F5A4,readable_is_not_authenticated
11,discovered_local_identifier,87206631-24ED-F2F2-AEA4-2C7C0B02F5A4,readable_is_not_authenticated
11,discovered_local_identifier,5222C8D6-8D0B-3FEB-B729-D20EFF1A452E,readable_is_not_authenticated
11,discovered_local_identifier,87206631-24ED-F2F2-AEA4-2C7C0B02F5A4,readable_is_not_authenticated
11,discovered_local_identifier,6B26758D-FB1D-A061-E16F-22EE6E171562,readable_is_not_authenticated
11,discovered_local_identifier,AF39988A-7D90-9DF6-6879-2AABF1BBCB14,readable_is_not_authenticated
11,discovered_local_identifier,AF39988A-7D90-9DF6-6879-2AABF1BBCB14,readable_is_not_authenticated
11,discovered_local_identifier,54C8BD20-1ADC-C091-3DED-51EFF0C675AE,readable_is_not_authenticated
11,discovered_local_identifier,54C8BD20-1ADC-C091-3DED-51EFF0C675AE,readable_is_not_authenticated
11,discovered_local_identifier,ED70AB26-58BA-9C0C-527C-58EE2782B0F9,readable_is_not_authenticated
11,discovered_local_identifier,ED70AB26-58BA-9C0C-527C-58EE2782B0F9,readable_is_not_authenticated
11,discovered_local_identifier,77F43C46-4B48-12DD-419F-060162613B66,readable_is_not_authenticated
11,discovered_local_identifier,84BAEBAE-8DA5-77A5-4F8F-E235A3698449,readable_is_not_authenticated
11,discovered_local_identifier,AF39988A-7D90-9DF6-6879-2AABF1BBCB14,readable_is_not_authenticated
11,discovered_local_identifier,AF39988A-7D90-9DF6-6879-2AABF1BBCB14,readable_is_not_authenticated
11,discovered_local_identifier,B12FD0AF-5EEA-5BC6-893C-5F6CFEA51159,readable_is_not_authenticated
11,discovered_local_identifier,87206631-24ED-F2F2-AEA4-2C7C0B02F5A4,readable_is_not_authenticated
12,discovered_local_identifier,58065113-A044-0B9A-45C7-B7E74995A4E8,readable_is_not_authenticated
12,discovered_local_identifier,58065113-A044-0B9A-45C7-B7E74995A4E8,readable_is_not_authenticated
12,discovered_local_identifier,87206631-24ED-F2F2-AEA4-2C7C0B02F5A4,readable_is_not_authenticated
12,discovered_local_identifier,87206631-24ED-F2F2-AEA4-2C7C0B02F5A4,readable_is_not_authenticated
12,discovered_local_identifier,890C9DCF-DA6D-7430-B774-12B216F6A1E3,readable_is_not_authenticated
12,discovered_local_identifier,C2774F9E-2451-A2F7-C367-A72E110C01E8,readable_is_not_authenticated
12,discovered_local_identifier,B12FD0AF-5EEA-5BC6-893C-5F6CFEA51159,readable_is_not_authenticated
12,discovered_local_identifier,890C9DCF-DA6D-7430-B774-12B216F6A1E3,readable_is_not_authenticated
12,discovered_local_identifier,890C9DCF-DA6D-7430-B774-12B216F6A1E3,readable_is_not_authenticated
12,discovered_local_identifier,FF779C41-B33D-BC23-FBEA-3DB7A992C46B,readable_is_not_authenticated
12,discovered_local_identifier,87206631-24ED-F2F2-AEA4-2C7C0B02F5A4,readable_is_not_authenticated
12,discovered_local_identifier,87206631-24ED-F2F2-AEA4-2C7C0B02F5A4,readable_is_not_authenticated
12,discovered_local_identifier,AF39988A-7D90-9DF6-6879-2AABF1BBCB14,readable_is_not_authenticated
12,discovered_local_identifier,AF39988A-7D90-9DF6-6879-2AABF1BBCB14,readable_is_not_authenticated
12,discovered_local_identifier,87206631-24ED-F2F2-AEA4-2C7C0B02F5A4,readable_is_not_authenticated
12,discovered_local_identifier,87206631-24ED-F2F2-AEA4-2C7C0B02F5A4,readable_is_not_authenticated
12,discovered_local_identifier,D61CB12A-1BA8-452B-BE9C-2A34F399BBE1,readable_is_not_authenticated
12,discovered_local_identifier,D61CB12A-1BA8-452B-BE9C-2A34F399BBE1,readable_is_not_authenticated
12,discovered_local_identifier,AF39988A-7D90-9DF6-6879-2AABF1BBCB14,readable_is_not_authenticated
12,discovered_local_identifier,C2774F9E-2451-A2F7-C367-A72E110C01E8,readable_is_not_authenticated
12,discovered_local_identifier,D61CB12A-1BA8-452B-BE9C-2A34F399BBE1,readable_is_not_authenticated
12,discovered_local_identifier,D61CB12A-1BA8-452B-BE9C-2A34F399BBE1,readable_is_not_authenticated
12,discovered_local_identifier,AF39988A-7D90-9DF6-6879-2AABF1BBCB14,readable_is_not_authenticated
12,discovered_local_identifier,AF39988A-7D90-9DF6-6879-2AABF1BBCB14,readable_is_not_authenticated
12,discovered_local_identifier,87206631-24ED-F2F2-AEA4-2C7C0B02F5A4,readable_is_not_authenticated
12,discovered_local_identifier,87206631-24ED-F2F2-AEA4-2C7C0B02F5A4,readable_is_not_authenticated
12,discovered_local_identifier,ED70AB26-58BA-9C0C-527C-58EE2782B0F9,readable_is_not_authenticated
12,discovered_local_identifier,77F43C46-4B48-12DD-419F-060162613B66,readable_is_not_authenticated
12,discovered_local_identifier,5222C8D6-8D0B-3FEB-B729-D20EFF1A452E,readable_is_not_authenticated
12,discovered_local_identifier,5222C8D6-8D0B-3FEB-B729-D20EFF1A452E,readable_is_not_authenticated
12,discovered_local_identifier,AF39988A-7D90-9DF6-6879-2AABF1BBCB14,readable_is_not_authenticated
12,discovered_local_identifier,AF39988A-7D90-9DF6-6879-2AABF1BBCB14,readable_is_not_authenticated
13,discovered_local_identifier,D61CB12A-1BA8-452B-BE9C-2A34F399BBE1,readable_is_not_authenticated
13,discovered_local_identifier,D61CB12A-1BA8-452B-BE9C-2A34F399BBE1,readable_is_not_authenticated
13,discovered_local_identifier,87206631-24ED-F2F2-AEA4-2C7C0B02F5A4,readable_is_not_authenticated
13,discovered_local_identifier,87206631-24ED-F2F2-AEA4-2C7C0B02F5A4,readable_is_not_authenticated
13,discovered_local_identifier,28BF2C94-96BE-C442-3704-72CA0C48AA24,readable_is_not_authenticated
13,discovered_local_identifier,28BF2C94-96BE-C442-3704-72CA0C48AA24,readable_is_not_authenticated
13,discovered_local_identifier,B12FD0AF-5EEA-5BC6-893C-5F6CFEA51159,readable_is_not_authenticated
13,discovered_local_identifier,95340181-4ADE-FFC2-1268-164A583DBB8B,readable_is_not_authenticated
13,discovered_local_identifier,95340181-4ADE-FFC2-1268-164A583DBB8B,readable_is_not_authenticated
13,discovered_local_identifier,58065113-A044-0B9A-45C7-B7E74995A4E8,readable_is_not_authenticated
13,discovered_local_identifier,5FB0FB02-99F2-3C00-8199-DEA61EC7AE10,readable_is_not_authenticated
13,discovered_local_identifier,5FB0FB02-99F2-3C00-8199-DEA61EC7AE10,readable_is_not_authenticated
13,discovered_local_identifier,87206631-24ED-F2F2-AEA4-2C7C0B02F5A4,readable_is_not_authenticated
13,discovered_local_identifier,87206631-24ED-F2F2-AEA4-2C7C0B02F5A4,readable_is_not_authenticated
13,discovered_local_identifier,ED70AB26-58BA-9C0C-527C-58EE2782B0F9,readable_is_not_authenticated
13,discovered_local_identifier,84BAEBAE-8DA5-77A5-4F8F-E235A3698449,readable_is_not_authenticated
13,discovered_local_identifier,87206631-24ED-F2F2-AEA4-2C7C0B02F5A4,readable_is_not_authenticated
13,discovered_local_identifier,87206631-24ED-F2F2-AEA4-2C7C0B02F5A4,readable_is_not_authenticated
13,discovered_local_identifier,00D3D6F9-F469-69C5-B865-0A0098068AD0,readable_is_not_authenticated
13,discovered_local_identifier,00D3D6F9-F469-69C5-B865-0A0098068AD0,readable_is_not_authenticated
13,discovered_local_identifier,87206631-24ED-F2F2-AEA4-2C7C0B02F5A4,readable_is_not_authenticated
13,discovered_local_identifier,87206631-24ED-F2F2-AEA4-2C7C0B02F5A4,readable_is_not_authenticated
13,discovered_local_identifier,28BF2C94-96BE-C442-3704-72CA0C48AA24,readable_is_not_authenticated
13,discovered_local_identifier,28BF2C94-96BE-C442-3704-72CA0C48AA24,readable_is_not_authenticated
13,discovered_local_identifier,58065113-A044-0B9A-45C7-B7E74995A4E8,readable_is_not_authenticated
13,discovered_local_identifier,87206631-24ED-F2F2-AEA4-2C7C0B02F5A4,readable_is_not_authenticated
13,discovered_local_identifier,84BAEBAE-8DA5-77A5-4F8F-E235A3698449,readable_is_not_authenticated
13,discovered_local_identifier,77F43C46-4B48-12DD-419F-060162613B66,readable_is_not_authenticated
13,discovered_local_identifier,F999B69D-47F7-9874-10E4-C8C4EEADDEE0,readable_is_not_authenticated
13,discovered_local_identifier,5FB0FB02-99F2-3C00-8199-DEA61EC7AE10,readable_is_not_authenticated
13,discovered_local_identifier,AF39988A-7D90-9DF6-6879-2AABF1BBCB14,readable_is_not_authenticated
13,discovered_local_identifier,AF39988A-7D90-9DF6-6879-2AABF1BBCB14,readable_is_not_authenticated
13,discovered_local_identifier,87206631-24ED-F2F2-AEA4-2C7C0B02F5A4,readable_is_not_authenticated
13,discovered_local_identifier,87206631-24ED-F2F2-AEA4-2C7C0B02F5A4,readable_is_not_authenticated
14,discovered_local_identifier,87206631-24ED-F2F2-AEA4-2C7C0B02F5A4,readable_is_not_authenticated
14,discovered_local_identifier,87206631-24ED-F2F2-AEA4-2C7C0B02F5A4,readable_is_not_authenticated
14,discovered_local_identifier,890C9DCF-DA6D-7430-B774-12B216F6A1E3,readable_is_not_authenticated
14,discovered_local_identifier,AF39988A-7D90-9DF6-6879-2AABF1BBCB14,readable_is_not_authenticated
14,discovered_local_identifier,87206631-24ED-F2F2-AEA4-2C7C0B02F5A4,readable_is_not_authenticated
14,discovered_local_identifier,87206631-24ED-F2F2-AEA4-2C7C0B02F5A4,readable_is_not_authenticated
14,discovered_local_identifier,867D2318-8765-AA6B-F208-4750A44E3436,readable_is_not_authenticated
14,discovered_local_identifier,87206631-24ED-F2F2-AEA4-2C7C0B02F5A4,readable_is_not_authenticated
14,discovered_local_identifier,87206631-24ED-F2F2-AEA4-2C7C0B02F5A4,readable_is_not_authenticated
14,discovered_local_identifier,AF39988A-7D90-9DF6-6879-2AABF1BBCB14,readable_is_not_authenticated
14,discovered_local_identifier,AF39988A-7D90-9DF6-6879-2AABF1BBCB14,readable_is_not_authenticated
14,discovered_local_identifier,77F43C46-4B48-12DD-419F-060162613B66,readable_is_not_authenticated
14,discovered_local_identifier,28BF2C94-96BE-C442-3704-72CA0C48AA24,readable_is_not_authenticated
14,discovered_local_identifier,87206631-24ED-F2F2-AEA4-2C7C0B02F5A4,readable_is_not_authenticated
14,discovered_local_identifier,87206631-24ED-F2F2-AEA4-2C7C0B02F5A4,readable_is_not_authenticated
14,discovered_local_identifier,3380E06C-7281-455A-5A03-ADE7CA131044,readable_is_not_authenticated
14,discovered_local_identifier,5222C8D6-8D0B-3FEB-B729-D20EFF1A452E,readable_is_not_authenticated
14,discovered_local_identifier,5222C8D6-8D0B-3FEB-B729-D20EFF1A452E,readable_is_not_authenticated
14,discovered_local_identifier,87206631-24ED-F2F2-AEA4-2C7C0B02F5A4,readable_is_not_authenticated
14,discovered_local_identifier,87206631-24ED-F2F2-AEA4-2C7C0B02F5A4,readable_is_not_authenticated
14,discovered_local_identifier,77F43C46-4B48-12DD-419F-060162613B66,readable_is_not_authenticated
14,discovered_local_identifier,AF39988A-7D90-9DF6-6879-2AABF1BBCB14,readable_is_not_authenticated
14,discovered_local_identifier,AF39988A-7D90-9DF6-6879-2AABF1BBCB14,readable_is_not_authenticated
14,discovered_local_identifier,FF779C41-B33D-BC23-FBEA-3DB7A992C46B,readable_is_not_authenticated
14,discovered_local_identifier,87206631-24ED-F2F2-AEA4-2C7C0B02F5A4,readable_is_not_authenticated
14,discovered_local_identifier,87206631-24ED-F2F2-AEA4-2C7C0B02F5A4,readable_is_not_authenticated
14,discovered_local_identifier,4F6E14C6-7D00-79D8-DD68-538E5D0B5F33,readable_is_not_authenticated
15,discovered_local_identifier,DF08A7E0-2CD9-5D3B-D1B3-008810A3D5D1,readable_is_not_authenticated
15,discovered_local_identifier,AF39988A-7D90-9DF6-6879-2AABF1BBCB14,readable_is_not_authenticated
15,discovered_local_identifier,AF39988A-7D90-9DF6-6879-2AABF1BBCB14,readable_is_not_authenticated
15,discovered_local_identifier,B1968B12-2E85-B8BB-BE87-3C386BEA4135,readable_is_not_authenticated
15,discovered_local_identifier,B1968B12-2E85-B8BB-BE87-3C386BEA4135,readable_is_not_authenticated
15,discovered_local_identifier,4F6E14C6-7D00-79D8-DD68-538E5D0B5F33,readable_is_not_authenticated
15,discovered_local_identifier,4F6E14C6-7D00-79D8-DD68-538E5D0B5F33,readable_is_not_authenticated
15,discovered_local_identifier,87206631-24ED-F2F2-AEA4-2C7C0B02F5A4,readable_is_not_authenticated
15,discovered_local_identifier,AF39988A-7D90-9DF6-6879-2AABF1BBCB14,readable_is_not_authenticated
15,discovered_local_identifier,AF39988A-7D90-9DF6-6879-2AABF1BBCB14,readable_is_not_authenticated
15,discovered_local_identifier,C2774F9E-2451-A2F7-C367-A72E110C01E8,readable_is_not_authenticated
15,discovered_local_identifier,84BAEBAE-8DA5-77A5-4F8F-E235A3698449,readable_is_not_authenticated
15,discovered_local_identifier,87206631-24ED-F2F2-AEA4-2C7C0B02F5A4,readable_is_not_authenticated
15,discovered_local_identifier,87206631-24ED-F2F2-AEA4-2C7C0B02F5A4,readable_is_not_authenticated
15,discovered_local_identifier,28BF2C94-96BE-C442-3704-72CA0C48AA24,readable_is_not_authenticated
15,discovered_local_identifier,28BF2C94-96BE-C442-3704-72CA0C48AA24,readable_is_not_authenticated
15,discovered_local_identifier,87206631-24ED-F2F2-AEA4-2C7C0B02F5A4,readable_is_not_authenticated
15,discovered_local_identifier,87206631-24ED-F2F2-AEA4-2C7C0B02F5A4,readable_is_not_authenticated
15,discovered_local_identifier,AF39988A-7D90-9DF6-6879-2AABF1BBCB14,readable_is_not_authenticated
15,discovered_local_identifier,AF39988A-7D90-9DF6-6879-2AABF1BBCB14,readable_is_not_authenticated
15,discovered_local_identifier,7D3E5FCE-7CA1-E75B-2947-FDF098AE2B1D,readable_is_not_authenticated
15,discovered_local_identifier,7D3E5FCE-7CA1-E75B-2947-FDF098AE2B1D,readable_is_not_authenticated
15,discovered_local_identifier,E63F8F4D-E82A-D4FE-078E-3B900046446A,readable_is_not_authenticated
15,discovered_local_identifier,FF779C41-B33D-BC23-FBEA-3DB7A992C46B,readable_is_not_authenticated
15,discovered_local_identifier,FF779C41-B33D-BC23-FBEA-3DB7A992C46B,readable_is_not_authenticated
15,discovered_local_identifier,87206631-24ED-F2F2-AEA4-2C7C0B02F5A4,readable_is_not_authenticated
15,discovered_local_identifier,87206631-24ED-F2F2-AEA4-2C7C0B02F5A4,readable_is_not_authenticated
15,discovered_local_identifier,BF321234-0E5B-DA40-4818-301E5D857AF7,readable_is_not_authenticated
15,discovered_local_identifier,87206631-24ED-F2F2-AEA4-2C7C0B02F5A4,readable_is_not_authenticated
15,discovered_local_identifier,87206631-24ED-F2F2-AEA4-2C7C0B02F5A4,readable_is_not_authenticated
15,discovered_local_identifier,ED70AB26-58BA-9C0C-527C-58EE2782B0F9,readable_is_not_authenticated
15,discovered_local_identifier,87206631-24ED-F2F2-AEA4-2C7C0B02F5A4,readable_is_not_authenticated
15,discovered_local_identifier,890C9DCF-DA6D-7430-B774-12B216F6A1E3,readable_is_not_authenticated
15,discovered_local_identifier,28BF2C94-96BE-C442-3704-72CA0C48AA24,readable_is_not_authenticated
15,discovered_local_identifier,87206631-24ED-F2F2-AEA4-2C7C0B02F5A4,readable_is_not_authenticated
15,discovered_local_identifier,87206631-24ED-F2F2-AEA4-2C7C0B02F5A4,readable_is_not_authenticated
16,discovered_local_identifier,AF39988A-7D90-9DF6-6879-2AABF1BBCB14,readable_is_not_authenticated
16,discovered_local_identifier,AF39988A-7D90-9DF6-6879-2AABF1BBCB14,readable_is_not_authenticated
16,discovered_local_identifier,E1F8993E-F577-36B9-A6C5-8FCA38D12792,readable_is_not_authenticated
16,discovered_local_identifier,E1F8993E-F577-36B9-A6C5-8FCA38D12792,readable_is_not_authenticated
16,discovered_local_identifier,87206631-24ED-F2F2-AEA4-2C7C0B02F5A4,readable_is_not_authenticated
16,discovered_local_identifier,87206631-24ED-F2F2-AEA4-2C7C0B02F5A4,readable_is_not_authenticated
16,discovered_local_identifier,D61CB12A-1BA8-452B-BE9C-2A34F399BBE1,readable_is_not_authenticated
16,discovered_local_identifier,D61CB12A-1BA8-452B-BE9C-2A34F399BBE1,readable_is_not_authenticated
16,discovered_local_identifier,87206631-24ED-F2F2-AEA4-2C7C0B02F5A4,readable_is_not_authenticated
16,discovered_local_identifier,87206631-24ED-F2F2-AEA4-2C7C0B02F5A4,readable_is_not_authenticated
16,discovered_local_identifier,AF39988A-7D90-9DF6-6879-2AABF1BBCB14,readable_is_not_authenticated
16,discovered_local_identifier,AF39988A-7D90-9DF6-6879-2AABF1BBCB14,readable_is_not_authenticated
16,discovered_local_identifier,95340181-4ADE-FFC2-1268-164A583DBB8B,readable_is_not_authenticated
16,discovered_local_identifier,B12FD0AF-5EEA-5BC6-893C-5F6CFEA51159,readable_is_not_authenticated
16,discovered_local_identifier,DF08A7E0-2CD9-5D3B-D1B3-008810A3D5D1,readable_is_not_authenticated
16,discovered_local_identifier,E63F8F4D-E82A-D4FE-078E-3B900046446A,readable_is_not_authenticated
16,discovered_local_identifier,87206631-24ED-F2F2-AEA4-2C7C0B02F5A4,readable_is_not_authenticated
16,discovered_local_identifier,64A4DD4F-086C-08F8-36D5-34C2E2A1304F,readable_is_not_authenticated
16,discovered_local_identifier,64A4DD4F-086C-08F8-36D5-34C2E2A1304F,readable_is_not_authenticated
16,discovered_local_identifier,87206631-24ED-F2F2-AEA4-2C7C0B02F5A4,readable_is_not_authenticated
16,discovered_local_identifier,87206631-24ED-F2F2-AEA4-2C7C0B02F5A4,readable_is_not_authenticated
16,discovered_local_identifier,B1968B12-2E85-B8BB-BE87-3C386BEA4135,readable_is_not_authenticated
16,discovered_local_identifier,B1968B12-2E85-B8BB-BE87-3C386BEA4135,readable_is_not_authenticated
16,discovered_local_identifier,DA0501AF-DE82-A00E-2333-2EC28BF49F91,readable_is_not_authenticated
16,discovered_local_identifier,83914CF5-E62D-D95A-AB9F-7977C1655B7E,readable_is_not_authenticated
16,discovered_local_identifier,C34C47AF-DD30-F9A3-6BF5-3B60F4EF9423,readable_is_not_authenticated
16,discovered_local_identifier,C34C47AF-DD30-F9A3-6BF5-3B60F4EF9423,readable_is_not_authenticated
16,discovered_local_identifier,AF39988A-7D90-9DF6-6879-2AABF1BBCB14,readable_is_not_authenticated
16,discovered_local_identifier,E63F8F4D-E82A-D4FE-078E-3B900046446A,readable_is_not_authenticated
16,discovered_local_identifier,E63F8F4D-E82A-D4FE-078E-3B900046446A,readable_is_not_authenticated
16,discovered_local_identifier,FF779C41-B33D-BC23-FBEA-3DB7A992C46B,readable_is_not_authenticated
16,discovered_local_identifier,87206631-24ED-F2F2-AEA4-2C7C0B02F5A4,readable_is_not_authenticated
16,discovered_local_identifier,2EF4FC09-5FD1-A806-C332-159FC0423CF8,readable_is_not_authenticated
16,discovered_local_identifier,2EF4FC09-5FD1-A806-C332-159FC0423CF8,readable_is_not_authenticated
16,discovered_local_identifier,87206631-24ED-F2F2-AEA4-2C7C0B02F5A4,readable_is_not_authenticated
16,discovered_local_identifier,87206631-24ED-F2F2-AEA4-2C7C0B02F5A4,readable_is_not_authenticated
17,discovered_local_identifier,B12FD0AF-5EEA-5BC6-893C-5F6CFEA51159,readable_is_not_authenticated
17,discovered_local_identifier,AF39988A-7D90-9DF6-6879-2AABF1BBCB14,readable_is_not_authenticated
17,discovered_local_identifier,AF39988A-7D90-9DF6-6879-2AABF1BBCB14,readable_is_not_authenticated
17,discovered_local_identifier,6EE0164F-2D67-9EA6-A30F-C5DF3095463D,readable_is_not_authenticated
17,discovered_local_identifier,28BF2C94-96BE-C442-3704-72CA0C48AA24,readable_is_not_authenticated
17,discovered_local_identifier,ED70AB26-58BA-9C0C-527C-58EE2782B0F9,readable_is_not_authenticated
17,discovered_local_identifier,87206631-24ED-F2F2-AEA4-2C7C0B02F5A4,readable_is_not_authenticated
17,discovered_local_identifier,87206631-24ED-F2F2-AEA4-2C7C0B02F5A4,readable_is_not_authenticated
17,discovered_local_identifier,87206631-24ED-F2F2-AEA4-2C7C0B02F5A4,readable_is_not_authenticated
17,discovered_local_identifier,87206631-24ED-F2F2-AEA4-2C7C0B02F5A4,readable_is_not_authenticated
17,discovered_local_identifier,87206631-24ED-F2F2-AEA4-2C7C0B02F5A4,readable_is_not_authenticated
17,discovered_local_identifier,AF39988A-7D90-9DF6-6879-2AABF1BBCB14,readable_is_not_authenticated
17,discovered_local_identifier,AF39988A-7D90-9DF6-6879-2AABF1BBCB14,readable_is_not_authenticated
17,discovered_local_identifier,87206631-24ED-F2F2-AEA4-2C7C0B02F5A4,readable_is_not_authenticated
17,discovered_local_identifier,87206631-24ED-F2F2-AEA4-2C7C0B02F5A4,readable_is_not_authenticated
17,discovered_local_identifier,890C9DCF-DA6D-7430-B774-12B216F6A1E3,readable_is_not_authenticated
17,discovered_local_identifier,87206631-24ED-F2F2-AEA4-2C7C0B02F5A4,readable_is_not_authenticated
17,discovered_local_identifier,87206631-24ED-F2F2-AEA4-2C7C0B02F5A4,readable_is_not_authenticated
17,discovered_local_identifier,92C80623-5F08-5940-E52E-1F24F58D9B93,readable_is_not_authenticated
17,discovered_local_identifier,92C80623-5F08-5940-E52E-1F24F58D9B93,readable_is_not_authenticated
17,discovered_local_identifier,F999B69D-47F7-9874-10E4-C8C4EEADDEE0,readable_is_not_authenticated
17,discovered_local_identifier,77F43C46-4B48-12DD-419F-060162613B66,readable_is_not_authenticated
17,discovered_local_identifier,87206631-24ED-F2F2-AEA4-2C7C0B02F5A4,readable_is_not_authenticated
17,discovered_local_identifier,87206631-24ED-F2F2-AEA4-2C7C0B02F5A4,readable_is_not_authenticated
17,discovered_local_identifier,87206631-24ED-F2F2-AEA4-2C7C0B02F5A4,readable_is_not_authenticated
17,discovered_local_identifier,3380E06C-7281-455A-5A03-ADE7CA131044,readable_is_not_authenticated
17,discovered_local_identifier,890C9DCF-DA6D-7430-B774-12B216F6A1E3,readable_is_not_authenticated
17,discovered_local_identifier,AF39988A-7D90-9DF6-6879-2AABF1BBCB14,readable_is_not_authenticated
18,discovered_local_identifier,6BCF76E1-C3AD-CE48-C9B1-87561B4A57BC,readable_is_not_authenticated
18,discovered_local_identifier,6BCF76E1-C3AD-CE48-C9B1-87561B4A57BC,readable_is_not_authenticated
18,discovered_local_identifier,3380E06C-7281-455A-5A03-ADE7CA131044,readable_is_not_authenticated
18,discovered_local_identifier,87206631-24ED-F2F2-AEA4-2C7C0B02F5A4,readable_is_not_authenticated
18,discovered_local_identifier,87206631-24ED-F2F2-AEA4-2C7C0B02F5A4,readable_is_not_authenticated
18,discovered_local_identifier,5FB0FB02-99F2-3C00-8199-DEA61EC7AE10,readable_is_not_authenticated
18,discovered_local_identifier,C2774F9E-2451-A2F7-C367-A72E110C01E8,readable_is_not_authenticated
18,discovered_local_identifier,28BF2C94-96BE-C442-3704-72CA0C48AA24,readable_is_not_authenticated
18,discovered_local_identifier,84BAEBAE-8DA5-77A5-4F8F-E235A3698449,readable_is_not_authenticated
18,discovered_local_identifier,890C9DCF-DA6D-7430-B774-12B216F6A1E3,readable_is_not_authenticated
18,discovered_local_identifier,87206631-24ED-F2F2-AEA4-2C7C0B02F5A4,readable_is_not_authenticated
18,discovered_local_identifier,87206631-24ED-F2F2-AEA4-2C7C0B02F5A4,readable_is_not_authenticated
18,discovered_local_identifier,00D3D6F9-F469-69C5-B865-0A0098068AD0,readable_is_not_authenticated
18,discovered_local_identifier,00D3D6F9-F469-69C5-B865-0A0098068AD0,readable_is_not_authenticated
18,discovered_local_identifier,4F6E14C6-7D00-79D8-DD68-538E5D0B5F33,readable_is_not_authenticated
18,discovered_local_identifier,87206631-24ED-F2F2-AEA4-2C7C0B02F5A4,readable_is_not_authenticated
18,discovered_local_identifier,87206631-24ED-F2F2-AEA4-2C7C0B02F5A4,readable_is_not_authenticated
18,discovered_local_identifier,890C9DCF-DA6D-7430-B774-12B216F6A1E3,readable_is_not_authenticated
18,discovered_local_identifier,B1968B12-2E85-B8BB-BE87-3C386BEA4135,readable_is_not_authenticated
18,discovered_local_identifier,B1968B12-2E85-B8BB-BE87-3C386BEA4135,readable_is_not_authenticated
18,discovered_local_identifier,C2774F9E-2451-A2F7-C367-A72E110C01E8,readable_is_not_authenticated
18,discovered_local_identifier,84BAEBAE-8DA5-77A5-4F8F-E235A3698449,readable_is_not_authenticated
18,discovered_local_identifier,87206631-24ED-F2F2-AEA4-2C7C0B02F5A4,readable_is_not_authenticated
18,discovered_local_identifier,87206631-24ED-F2F2-AEA4-2C7C0B02F5A4,readable_is_not_authenticated
18,discovered_local_identifier,890C9DCF-DA6D-7430-B774-12B216F6A1E3,readable_is_not_authenticated
18,discovered_local_identifier,87206631-24ED-F2F2-AEA4-2C7C0B02F5A4,readable_is_not_authenticated
19,discovered_local_identifier,87206631-24ED-F2F2-AEA4-2C7C0B02F5A4,readable_is_not_authenticated
19,discovered_local_identifier,87206631-24ED-F2F2-AEA4-2C7C0B02F5A4,readable_is_not_authenticated
19,discovered_local_identifier,AF39988A-7D90-9DF6-6879-2AABF1BBCB14,readable_is_not_authenticated
19,discovered_local_identifier,AF39988A-7D90-9DF6-6879-2AABF1BBCB14,readable_is_not_authenticated
19,discovered_local_identifier,87206631-24ED-F2F2-AEA4-2C7C0B02F5A4,readable_is_not_authenticated
19,discovered_local_identifier,87206631-24ED-F2F2-AEA4-2C7C0B02F5A4,readable_is_not_authenticated
19,discovered_local_identifier,D61CB12A-1BA8-452B-BE9C-2A34F399BBE1,readable_is_not_authenticated
19,discovered_local_identifier,D61CB12A-1BA8-452B-BE9C-2A34F399BBE1,readable_is_not_authenticated
19,discovered_local_identifier,890C9DCF-DA6D-7430-B774-12B216F6A1E3,readable_is_not_authenticated
19,discovered_local_identifier,890C9DCF-DA6D-7430-B774-12B216F6A1E3,readable_is_not_authenticated
19,discovered_local_identifier,87206631-24ED-F2F2-AEA4-2C7C0B02F5A4,readable_is_not_authenticated
19,discovered_local_identifier,87206631-24ED-F2F2-AEA4-2C7C0B02F5A4,readable_is_not_authenticated
19,discovered_local_identifier,77F43C46-4B48-12DD-419F-060162613B66,readable_is_not_authenticated
19,discovered_local_identifier,87206631-24ED-F2F2-AEA4-2C7C0B02F5A4,readable_is_not_authenticated
19,discovered_local_identifier,AF39988A-7D90-9DF6-6879-2AABF1BBCB14,readable_is_not_authenticated
19,discovered_local_identifier,D61CB12A-1BA8-452B-BE9C-2A34F399BBE1,readable_is_not_authenticated
19,discovered_local_identifier,D61CB12A-1BA8-452B-BE9C-2A34F399BBE1,readable_is_not_authenticated
19,discovered_local_identifier,B12FD0AF-5EEA-5BC6-893C-5F6CFEA51159,readable_is_not_authenticated
19,discovered_local_identifier,87206631-24ED-F2F2-AEA4-2C7C0B02F5A4,readable_is_not_authenticated
19,discovered_local_identifier,87206631-24ED-F2F2-AEA4-2C7C0B02F5A4,readable_is_not_authenticated
19,discovered_local_identifier,AF39988A-7D90-9DF6-6879-2AABF1BBCB14,readable_is_not_authenticated
19,discovered_local_identifier,890C9DCF-DA6D-7430-B774-12B216F6A1E3,readable_is_not_authenticated
19,discovered_local_identifier,890C9DCF-DA6D-7430-B774-12B216F6A1E3,readable_is_not_authenticated
19,discovered_local_identifier,8B0E7D6F-4451-43B2-8646-1F874D900CAF,readable_is_not_authenticated
19,discovered_local_identifier,D61CB12A-1BA8-452B-BE9C-2A34F399BBE1,readable_is_not_authenticated
19,discovered_local_identifier,D61CB12A-1BA8-452B-BE9C-2A34F399BBE1,readable_is_not_authenticated
19,discovered_local_identifier,92C80623-5F08-5940-E52E-1F24F58D9B93,readable_is_not_authenticated
19,discovered_local_identifier,92C80623-5F08-5940-E52E-1F24F58D9B93,readable_is_not_authenticated
19,discovered_local_identifier,6B26758D-FB1D-A061-E16F-22EE6E171562,readable_is_not_authenticated
19,discovered_local_identifier,87206631-24ED-F2F2-AEA4-2C7C0B02F5A4,readable_is_not_authenticated
19,discovered_local_identifier,87206631-24ED-F2F2-AEA4-2C7C0B02F5A4,readable_is_not_authenticated
19,discovered_local_identifier,2EF4FC09-5FD1-A806-C332-159FC0423CF8,readable_is_not_authenticated
19,discovered_local_identifier,2EF4FC09-5FD1-A806-C332-159FC0423CF8,readable_is_not_authenticated
19,discovered_local_identifier,95340181-4ADE-FFC2-1268-164A583DBB8B,readable_is_not_authenticated
19,discovered_local_identifier,95340181-4ADE-FFC2-1268-164A583DBB8B,readable_is_not_authenticated
19,discovered_local_identifier,C2774F9E-2451-A2F7-C367-A72E110C01E8,readable_is_not_authenticated
19,discovered_local_identifier,84BAEBAE-8DA5-77A5-4F8F-E235A3698449,readable_is_not_authenticated
19,discovered_local_identifier,B12FD0AF-5EEA-5BC6-893C-5F6CFEA51159,readable_is_not_authenticated
19,discovered_local_identifier,D0D549D6-E2C7-9B92-2B07-6D390893099D,readable_is_not_authenticated
19,discovered_local_identifier,95340181-4ADE-FFC2-1268-164A583DBB8B,readable_is_not_authenticated
19,discovered_local_identifier,2EF4FC09-5FD1-A806-C332-159FC0423CF8,readable_is_not_authenticated
19,discovered_local_identifier,87206631-24ED-F2F2-AEA4-2C7C0B02F5A4,readable_is_not_authenticated
20,discovered_local_identifier,B1968B12-2E85-B8BB-BE87-3C386BEA4135,readable_is_not_authenticated
20,discovered_local_identifier,B12FD0AF-5EEA-5BC6-893C-5F6CFEA51159,readable_is_not_authenticated
20,discovered_local_identifier,C2774F9E-2451-A2F7-C367-A72E110C01E8,readable_is_not_authenticated
20,discovered_local_identifier,84BAEBAE-8DA5-77A5-4F8F-E235A3698449,readable_is_not_authenticated
20,discovered_local_identifier,890C9DCF-DA6D-7430-B774-12B216F6A1E3,readable_is_not_authenticated
20,discovered_local_identifier,890C9DCF-DA6D-7430-B774-12B216F6A1E3,readable_is_not_authenticated
20,discovered_local_identifier,5FB0FB02-99F2-3C00-8199-DEA61EC7AE10,readable_is_not_authenticated
20,discovered_local_identifier,5FB0FB02-99F2-3C00-8199-DEA61EC7AE10,readable_is_not_authenticated
20,discovered_local_identifier,DF08A7E0-2CD9-5D3B-D1B3-008810A3D5D1,readable_is_not_authenticated
20,discovered_local_identifier,87206631-24ED-F2F2-AEA4-2C7C0B02F5A4,readable_is_not_authenticated
20,discovered_local_identifier,87206631-24ED-F2F2-AEA4-2C7C0B02F5A4,readable_is_not_authenticated
20,discovered_local_identifier,B1968B12-2E85-B8BB-BE87-3C386BEA4135,readable_is_not_authenticated
20,discovered_local_identifier,B1968B12-2E85-B8BB-BE87-3C386BEA4135,readable_is_not_authenticated
20,discovered_local_identifier,00D3D6F9-F469-69C5-B865-0A0098068AD0,readable_is_not_authenticated
20,discovered_local_identifier,00D3D6F9-F469-69C5-B865-0A0098068AD0,readable_is_not_authenticated
20,discovered_local_identifier,58065113-A044-0B9A-45C7-B7E74995A4E8,readable_is_not_authenticated
20,discovered_local_identifier,58065113-A044-0B9A-45C7-B7E74995A4E8,readable_is_not_authenticated
20,discovered_local_identifier,87206631-24ED-F2F2-AEA4-2C7C0B02F5A4,readable_is_not_authenticated
20,discovered_local_identifier,87206631-24ED-F2F2-AEA4-2C7C0B02F5A4,readable_is_not_authenticated
20,discovered_local_identifier,5222C8D6-8D0B-3FEB-B729-D20EFF1A452E,readable_is_not_authenticated
20,discovered_local_identifier,7D3E5FCE-7CA1-E75B-2947-FDF098AE2B1D,readable_is_not_authenticated
20,discovered_local_identifier,7D3E5FCE-7CA1-E75B-2947-FDF098AE2B1D,readable_is_not_authenticated
20,discovered_local_identifier,7D3E5FCE-7CA1-E75B-2947-FDF098AE2B1D,readable_is_not_authenticated
20,discovered_local_identifier,87206631-24ED-F2F2-AEA4-2C7C0B02F5A4,readable_is_not_authenticated
20,discovered_local_identifier,87206631-24ED-F2F2-AEA4-2C7C0B02F5A4,readable_is_not_authenticated
20,discovered_local_identifier,87206631-24ED-F2F2-AEA4-2C7C0B02F5A4,readable_is_not_authenticated
20,discovered_local_identifier,87206631-24ED-F2F2-AEA4-2C7C0B02F5A4,readable_is_not_authenticated
20,discovered_local_identifier,87206631-24ED-F2F2-AEA4-2C7C0B02F5A4,readable_is_not_authenticated
20,discovered_local_identifier,DF4FB849-533B-3D09-1911-1BFCE82B913F,readable_is_not_authenticated
20,discovered_local_identifier,AF39988A-7D90-9DF6-6879-2AABF1BBCB14,readable_is_not_authenticated
20,discovered_local_identifier,AF39988A-7D90-9DF6-6879-2AABF1BBCB14,readable_is_not_authenticated
21,discovered_local_identifier,87206631-24ED-F2F2-AEA4-2C7C0B02F5A4,readable_is_not_authenticated
21,discovered_local_identifier,87206631-24ED-F2F2-AEA4-2C7C0B02F5A4,readable_is_not_authenticated
21,discovered_local_identifier,87206631-24ED-F2F2-AEA4-2C7C0B02F5A4,readable_is_not_authenticated
21,discovered_local_identifier,87206631-24ED-F2F2-AEA4-2C7C0B02F5A4,readable_is_not_authenticated
21,discovered_local_identifier,ED70AB26-58BA-9C0C-527C-58EE2782B0F9,readable_is_not_authenticated
21,discovered_local_identifier,AF39988A-7D90-9DF6-6879-2AABF1BBCB14,readable_is_not_authenticated
21,discovered_local_identifier,C2774F9E-2451-A2F7-C367-A72E110C01E8,readable_is_not_authenticated
21,discovered_local_identifier,5222C8D6-8D0B-3FEB-B729-D20EFF1A452E,readable_is_not_authenticated
21,discovered_local_identifier,5222C8D6-8D0B-3FEB-B729-D20EFF1A452E,readable_is_not_authenticated
21,discovered_local_identifier,AF39988A-7D90-9DF6-6879-2AABF1BBCB14,readable_is_not_authenticated
21,discovered_local_identifier,28BF2C94-96BE-C442-3704-72CA0C48AA24,readable_is_not_authenticated
21,discovered_local_identifier,28BF2C94-96BE-C442-3704-72CA0C48AA24,readable_is_not_authenticated
21,discovered_local_identifier,87206631-24ED-F2F2-AEA4-2C7C0B02F5A4,readable_is_not_authenticated
21,discovered_local_identifier,87206631-24ED-F2F2-AEA4-2C7C0B02F5A4,readable_is_not_authenticated
21,discovered_local_identifier,58065113-A044-0B9A-45C7-B7E74995A4E8,readable_is_not_authenticated
21,discovered_local_identifier,58065113-A044-0B9A-45C7-B7E74995A4E8,readable_is_not_authenticated
21,discovered_local_identifier,87206631-24ED-F2F2-AEA4-2C7C0B02F5A4,readable_is_not_authenticated
21,discovered_local_identifier,87206631-24ED-F2F2-AEA4-2C7C0B02F5A4,readable_is_not_authenticated
21,discovered_local_identifier,87206631-24ED-F2F2-AEA4-2C7C0B02F5A4,readable_is_not_authenticated
21,discovered_local_identifier,87206631-24ED-F2F2-AEA4-2C7C0B02F5A4,readable_is_not_authenticated
21,discovered_local_identifier,77F43C46-4B48-12DD-419F-060162613B66,readable_is_not_authenticated
21,discovered_local_identifier,87206631-24ED-F2F2-AEA4-2C7C0B02F5A4,readable_is_not_authenticated
21,discovered_local_identifier,87206631-24ED-F2F2-AEA4-2C7C0B02F5A4,readable_is_not_authenticated
21,discovered_local_identifier,AF39988A-7D90-9DF6-6879-2AABF1BBCB14,readable_is_not_authenticated
21,discovered_local_identifier,AF39988A-7D90-9DF6-6879-2AABF1BBCB14,readable_is_not_authenticated
21,discovered_local_identifier,FF779C41-B33D-BC23-FBEA-3DB7A992C46B,readable_is_not_authenticated
22,discovered_local_identifier,87206631-24ED-F2F2-AEA4-2C7C0B02F5A4,readable_is_not_authenticated
22,discovered_local_identifier,87206631-24ED-F2F2-AEA4-2C7C0B02F5A4,readable_is_not_authenticated
22,discovered_local_identifier,87206631-24ED-F2F2-AEA4-2C7C0B02F5A4,readable_is_not_authenticated
22,discovered_local_identifier,87206631-24ED-F2F2-AEA4-2C7C0B02F5A4,readable_is_not_authenticated
22,discovered_local_identifier,87206631-24ED-F2F2-AEA4-2C7C0B02F5A4,readable_is_not_authenticated
22,discovered_local_identifier,87206631-24ED-F2F2-AEA4-2C7C0B02F5A4,readable_is_not_authenticated
22,discovered_local_identifier,890C9DCF-DA6D-7430-B774-12B216F6A1E3,readable_is_not_authenticated
22,discovered_local_identifier,B1968B12-2E85-B8BB-BE87-3C386BEA4135,readable_is_not_authenticated
22,discovered_local_identifier,BEBC62C4-23FC-5752-06A6-F62685F2F089,readable_is_not_authenticated
22,discovered_local_identifier,87206631-24ED-F2F2-AEA4-2C7C0B02F5A4,readable_is_not_authenticated
22,discovered_local_identifier,AF39988A-7D90-9DF6-6879-2AABF1BBCB14,readable_is_not_authenticated
22,discovered_local_identifier,AF39988A-7D90-9DF6-6879-2AABF1BBCB14,readable_is_not_authenticated
22,discovered_local_identifier,AF39988A-7D90-9DF6-6879-2AABF1BBCB14,readable_is_not_authenticated
22,discovered_local_identifier,AF39988A-7D90-9DF6-6879-2AABF1BBCB14,readable_is_not_authenticated
22,discovered_local_identifier,87206631-24ED-F2F2-AEA4-2C7C0B02F5A4,readable_is_not_authenticated
22,discovered_local_identifier,8B0E7D6F-4451-43B2-8646-1F874D900CAF,readable_is_not_authenticated
22,discovered_local_identifier,8B0E7D6F-4451-43B2-8646-1F874D900CAF,readable_is_not_authenticated
22,discovered_local_identifier,87206631-24ED-F2F2-AEA4-2C7C0B02F5A4,readable_is_not_authenticated
22,discovered_local_identifier,AF39988A-7D90-9DF6-6879-2AABF1BBCB14,readable_is_not_authenticated
22,discovered_local_identifier,AF39988A-7D90-9DF6-6879-2AABF1BBCB14,readable_is_not_authenticated
22,discovered_local_identifier,FF779C41-B33D-BC23-FBEA-3DB7A992C46B,readable_is_not_authenticated
22,discovered_local_identifier,D61CB12A-1BA8-452B-BE9C-2A34F399BBE1,readable_is_not_authenticated
22,discovered_local_identifier,B12FD0AF-5EEA-5BC6-893C-5F6CFEA51159,readable_is_not_authenticated
22,discovered_local_identifier,ED70AB26-58BA-9C0C-527C-58EE2782B0F9,readable_is_not_authenticated
22,discovered_local_identifier,84BAEBAE-8DA5-77A5-4F8F-E235A3698449,readable_is_not_authenticated
22,discovered_local_identifier,AF39988A-7D90-9DF6-6879-2AABF1BBCB14,readable_is_not_authenticated
22,discovered_local_identifier,00D3D6F9-F469-69C5-B865-0A0098068AD0,readable_is_not_authenticated
22,discovered_local_identifier,00D3D6F9-F469-69C5-B865-0A0098068AD0,readable_is_not_authenticated
22,discovered_local_identifier,83914CF5-E62D-D95A-AB9F-7977C1655B7E,readable_is_not_authenticated
22,discovered_local_identifier,2EF4FC09-5FD1-A806-C332-159FC0423CF8,readable_is_not_authenticated
22,discovered_local_identifier,2EF4FC09-5FD1-A806-C332-159FC0423CF8,readable_is_not_authenticated
22,discovered_local_identifier,DA0501AF-DE82-A00E-2333-2EC28BF49F91,readable_is_not_authenticated
22,discovered_local_identifier,DA0501AF-DE82-A00E-2333-2EC28BF49F91,readable_is_not_authenticated
22,discovered_local_identifier,C2774F9E-2451-A2F7-C367-A72E110C01E8,readable_is_not_authenticated
22,discovered_local_identifier,AF39988A-7D90-9DF6-6879-2AABF1BBCB14,readable_is_not_authenticated
22,discovered_local_identifier,AF39988A-7D90-9DF6-6879-2AABF1BBCB14,readable_is_not_authenticated
22,discovered_local_identifier,AF39988A-7D90-9DF6-6879-2AABF1BBCB14,readable_is_not_authenticated
22,discovered_local_identifier,AF39988A-7D90-9DF6-6879-2AABF1BBCB14,readable_is_not_authenticated
22,discovered_local_identifier,95340181-4ADE-FFC2-1268-164A583DBB8B,readable_is_not_authenticated
22,discovered_local_identifier,95340181-4ADE-FFC2-1268-164A583DBB8B,readable_is_not_authenticated
23,discovered_local_identifier,6BCF76E1-C3AD-CE48-C9B1-87561B4A57BC,readable_is_not_authenticated
23,discovered_local_identifier,6BCF76E1-C3AD-CE48-C9B1-87561B4A57BC,readable_is_not_authenticated
23,discovered_local_identifier,87206631-24ED-F2F2-AEA4-2C7C0B02F5A4,readable_is_not_authenticated
23,discovered_local_identifier,87206631-24ED-F2F2-AEA4-2C7C0B02F5A4,readable_is_not_authenticated
23,discovered_local_identifier,2EF4FC09-5FD1-A806-C332-159FC0423CF8,readable_is_not_authenticated
23,discovered_local_identifier,2EF4FC09-5FD1-A806-C332-159FC0423CF8,readable_is_not_authenticated
23,discovered_local_identifier,28BF2C94-96BE-C442-3704-72CA0C48AA24,readable_is_not_authenticated
23,discovered_local_identifier,890C9DCF-DA6D-7430-B774-12B216F6A1E3,readable_is_not_authenticated
23,discovered_local_identifier,890C9DCF-DA6D-7430-B774-12B216F6A1E3,readable_is_not_authenticated
23,discovered_local_identifier,95340181-4ADE-FFC2-1268-164A583DBB8B,readable_is_not_authenticated
23,discovered_local_identifier,95340181-4ADE-FFC2-1268-164A583DBB8B,readable_is_not_authenticated
23,discovered_local_identifier,B1968B12-2E85-B8BB-BE87-3C386BEA4135,readable_is_not_authenticated
23,discovered_local_identifier,87206631-24ED-F2F2-AEA4-2C7C0B02F5A4,readable_is_not_authenticated
23,discovered_local_identifier,87206631-24ED-F2F2-AEA4-2C7C0B02F5A4,readable_is_not_authenticated
23,discovered_local_identifier,AF39988A-7D90-9DF6-6879-2AABF1BBCB14,readable_is_not_authenticated
23,discovered_local_identifier,AF39988A-7D90-9DF6-6879-2AABF1BBCB14,readable_is_not_authenticated
23,discovered_local_identifier,87206631-24ED-F2F2-AEA4-2C7C0B02F5A4,readable_is_not_authenticated
23,discovered_local_identifier,87206631-24ED-F2F2-AEA4-2C7C0B02F5A4,readable_is_not_authenticated
23,discovered_local_identifier,95340181-4ADE-FFC2-1268-164A583DBB8B,readable_is_not_authenticated
23,discovered_local_identifier,95340181-4ADE-FFC2-1268-164A583DBB8B,readable_is_not_authenticated
23,discovered_local_identifier,87206631-24ED-F2F2-AEA4-2C7C0B02F5A4,readable_is_not_authenticated
23,discovered_local_identifier,87206631-24ED-F2F2-AEA4-2C7C0B02F5A4,readable_is_not_authenticated
23,discovered_local_identifier,6BCF76E1-C3AD-CE48-C9B1-87561B4A57BC,readable_is_not_authenticated
23,discovered_local_identifier,6BCF76E1-C3AD-CE48-C9B1-87561B4A57BC,readable_is_not_authenticated
23,discovered_local_identifier,B12FD0AF-5EEA-5BC6-893C-5F6CFEA51159,readable_is_not_authenticated
23,discovered_local_identifier,E1F8993E-F577-36B9-A6C5-8FCA38D12792,readable_is_not_authenticated
23,discovered_local_identifier,87206631-24ED-F2F2-AEA4-2C7C0B02F5A4,readable_is_not_authenticated
23,discovered_local_identifier,87206631-24ED-F2F2-AEA4-2C7C0B02F5A4,readable_is_not_authenticated
23,discovered_local_identifier,AF39988A-7D90-9DF6-6879-2AABF1BBCB14,readable_is_not_authenticated
23,discovered_local_identifier,AF39988A-7D90-9DF6-6879-2AABF1BBCB14,readable_is_not_authenticated
23,discovered_local_identifier,B1968B12-2E85-B8BB-BE87-3C386BEA4135,readable_is_not_authenticated
23,discovered_local_identifier,B1968B12-2E85-B8BB-BE87-3C386BEA4135,readable_is_not_authenticated
23,discovered_local_identifier,B1968B12-2E85-B8BB-BE87-3C386BEA4135,readable_is_not_authenticated
23,discovered_local_identifier,E63F8F4D-E82A-D4FE-078E-3B900046446A,readable_is_not_authenticated
23,discovered_local_identifier,87206631-24ED-F2F2-AEA4-2C7C0B02F5A4,readable_is_not_authenticated
23,discovered_local_identifier,AF39988A-7D90-9DF6-6879-2AABF1BBCB14,readable_is_not_authenticated
23,discovered_local_identifier,ED70AB26-58BA-9C0C-527C-58EE2782B0F9,readable_is_not_authenticated
23,discovered_local_identifier,6BCF76E1-C3AD-CE48-C9B1-87561B4A57BC,readable_is_not_authenticated
23,discovered_local_identifier,6BCF76E1-C3AD-CE48-C9B1-87561B4A57BC,readable_is_not_authenticated
23,discovered_local_identifier,84BAEBAE-8DA5-77A5-4F8F-E235A3698449,readable_is_not_authenticated
23,discovered_local_identifier,890C9DCF-DA6D-7430-B774-12B216F6A1E3,readable_is_not_authenticated
23,discovered_local_identifier,B12FD0AF-5EEA-5BC6-893C-5F6CFEA51159,readable_is_not_authenticated
23,discovered_local_identifier,00D3D6F9-F469-69C5-B865-0A0098068AD0,readable_is_not_authenticated
23,discovered_local_identifier,00D3D6F9-F469-69C5-B865-0A0098068AD0,readable_is_not_authenticated
23,discovered_local_identifier,28BF2C94-96BE-C442-3704-72CA0C48AA24,readable_is_not_authenticated
23,discovered_local_identifier,28BF2C94-96BE-C442-3704-72CA0C48AA24,readable_is_not_authenticated
23,discovered_local_identifier,54C8BD20-1ADC-C091-3DED-51EFF0C675AE,readable_is_not_authenticated
23,discovered_local_identifier,54C8BD20-1ADC-C091-3DED-51EFF0C675AE,readable_is_not_authenticated
24,discovered_local_identifier,ED70AB26-58BA-9C0C-527C-58EE2782B0F9,readable_is_not_authenticated
24,discovered_local_identifier,87206631-24ED-F2F2-AEA4-2C7C0B02F5A4,readable_is_not_authenticated
24,discovered_local_identifier,84BAEBAE-8DA5-77A5-4F8F-E235A3698449,readable_is_not_authenticated
24,discovered_local_identifier,77F43C46-4B48-12DD-419F-060162613B66,readable_is_not_authenticated
24,discovered_local_identifier,87206631-24ED-F2F2-AEA4-2C7C0B02F5A4,readable_is_not_authenticated
24,discovered_local_identifier,3380E06C-7281-455A-5A03-ADE7CA131044,readable_is_not_authenticated
24,discovered_local_identifier,DF08A7E0-2CD9-5D3B-D1B3-008810A3D5D1,readable_is_not_authenticated
24,discovered_local_identifier,5222C8D6-8D0B-3FEB-B729-D20EFF1A452E,readable_is_not_authenticated
24,discovered_local_identifier,B1968B12-2E85-B8BB-BE87-3C386BEA4135,readable_is_not_authenticated
24,discovered_local_identifier,AF39988A-7D90-9DF6-6879-2AABF1BBCB14,readable_is_not_authenticated
24,discovered_local_identifier,58065113-A044-0B9A-45C7-B7E74995A4E8,readable_is_not_authenticated
24,discovered_local_identifier,5FB0FB02-99F2-3C00-8199-DEA61EC7AE10,readable_is_not_authenticated
24,discovered_local_identifier,5FB0FB02-99F2-3C00-8199-DEA61EC7AE10,readable_is_not_authenticated
24,discovered_local_identifier,87206631-24ED-F2F2-AEA4-2C7C0B02F5A4,readable_is_not_authenticated
24,discovered_local_identifier,87206631-24ED-F2F2-AEA4-2C7C0B02F5A4,readable_is_not_authenticated
24,discovered_local_identifier,4F6E14C6-7D00-79D8-DD68-538E5D0B5F33,readable_is_not_authenticated
24,discovered_local_identifier,890C9DCF-DA6D-7430-B774-12B216F6A1E3,readable_is_not_authenticated
24,discovered_local_identifier,87206631-24ED-F2F2-AEA4-2C7C0B02F5A4,readable_is_not_authenticated
24,discovered_local_identifier,AF39988A-7D90-9DF6-6879-2AABF1BBCB14,readable_is_not_authenticated
24,discovered_local_identifier,AF39988A-7D90-9DF6-6879-2AABF1BBCB14,readable_is_not_authenticated
24,discovered_local_identifier,DF08A7E0-2CD9-5D3B-D1B3-008810A3D5D1,readable_is_not_authenticated
24,discovered_local_identifier,DF08A7E0-2CD9-5D3B-D1B3-008810A3D5D1,readable_is_not_authenticated
24,discovered_local_identifier,7D3E5FCE-7CA1-E75B-2947-FDF098AE2B1D,readable_is_not_authenticated
24,discovered_local_identifier,7D3E5FCE-7CA1-E75B-2947-FDF098AE2B1D,readable_is_not_authenticated
24,discovered_local_identifier,87206631-24ED-F2F2-AEA4-2C7C0B02F5A4,readable_is_not_authenticated
24,discovered_local_identifier,87206631-24ED-F2F2-AEA4-2C7C0B02F5A4,readable_is_not_authenticated
24,discovered_local_identifier,87206631-24ED-F2F2-AEA4-2C7C0B02F5A4,readable_is_not_authenticated
24,discovered_local_identifier,87206631-24ED-F2F2-AEA4-2C7C0B02F5A4,readable_is_not_authenticated
25,discovered_local_identifier,ED70AB26-58BA-9C0C-527C-58EE2782B0F9,readable_is_not_authenticated
25,discovered_local_identifier,7D3E5FCE-7CA1-E75B-2947-FDF098AE2B1D,readable_is_not_authenticated
25,discovered_local_identifier,DF08A7E0-2CD9-5D3B-D1B3-008810A3D5D1,readable_is_not_authenticated
25,discovered_local_identifier,DF08A7E0-2CD9-5D3B-D1B3-008810A3D5D1,readable_is_not_authenticated
25,discovered_local_identifier,87206631-24ED-F2F2-AEA4-2C7C0B02F5A4,readable_is_not_authenticated
25,discovered_local_identifier,8B0E7D6F-4451-43B2-8646-1F874D900CAF,readable_is_not_authenticated
25,discovered_local_identifier,F999B69D-47F7-9874-10E4-C8C4EEADDEE0,readable_is_not_authenticated
25,discovered_local_identifier,AF39988A-7D90-9DF6-6879-2AABF1BBCB14,readable_is_not_authenticated
25,discovered_local_identifier,AF39988A-7D90-9DF6-6879-2AABF1BBCB14,readable_is_not_authenticated
25,discovered_local_identifier,87206631-24ED-F2F2-AEA4-2C7C0B02F5A4,readable_is_not_authenticated
25,discovered_local_identifier,87206631-24ED-F2F2-AEA4-2C7C0B02F5A4,readable_is_not_authenticated
25,discovered_local_identifier,2EF4FC09-5FD1-A806-C332-159FC0423CF8,readable_is_not_authenticated
25,discovered_local_identifier,2EF4FC09-5FD1-A806-C332-159FC0423CF8,readable_is_not_authenticated
25,discovered_local_identifier,AF39988A-7D90-9DF6-6879-2AABF1BBCB14,readable_is_not_authenticated
25,discovered_local_identifier,AF39988A-7D90-9DF6-6879-2AABF1BBCB14,readable_is_not_authenticated
25,discovered_local_identifier,7D3E5FCE-7CA1-E75B-2947-FDF098AE2B1D,readable_is_not_authenticated
25,discovered_local_identifier,B1968B12-2E85-B8BB-BE87-3C386BEA4135,readable_is_not_authenticated
25,discovered_local_identifier,890C9DCF-DA6D-7430-B774-12B216F6A1E3,readable_is_not_authenticated
25,discovered_local_identifier,890C9DCF-DA6D-7430-B774-12B216F6A1E3,readable_is_not_authenticated
25,discovered_local_identifier,890C9DCF-DA6D-7430-B774-12B216F6A1E3,readable_is_not_authenticated
25,discovered_local_identifier,77F43C46-4B48-12DD-419F-060162613B66,readable_is_not_authenticated
25,discovered_local_identifier,AF39988A-7D90-9DF6-6879-2AABF1BBCB14,readable_is_not_authenticated
25,discovered_local_identifier,B12FD0AF-5EEA-5BC6-893C-5F6CFEA51159,readable_is_not_authenticated
25,discovered_local_identifier,B12FD0AF-5EEA-5BC6-893C-5F6CFEA51159,readable_is_not_authenticated
25,discovered_local_identifier,AF39988A-7D90-9DF6-6879-2AABF1BBCB14,readable_is_not_authenticated
25,discovered_local_identifier,AF39988A-7D90-9DF6-6879-2AABF1BBCB14,readable_is_not_authenticated
25,discovered_local_identifier,2EF4FC09-5FD1-A806-C332-159FC0423CF8,readable_is_not_authenticated
25,discovered_local_identifier,2EF4FC09-5FD1-A806-C332-159FC0423CF8,readable_is_not_authenticated
26,discovered_local_identifier,B1968B12-2E85-B8BB-BE87-3C386BEA4135,readable_is_not_authenticated
26,discovered_local_identifier,B1968B12-2E85-B8BB-BE87-3C386BEA4135,readable_is_not_authenticated
26,discovered_local_identifier,54C8BD20-1ADC-C091-3DED-51EFF0C675AE,readable_is_not_authenticated
26,discovered_local_identifier,54C8BD20-1ADC-C091-3DED-51EFF0C675AE,readable_is_not_authenticated
26,discovered_local_identifier,AF39988A-7D90-9DF6-6879-2AABF1BBCB14,readable_is_not_authenticated
26,discovered_local_identifier,AF39988A-7D90-9DF6-6879-2AABF1BBCB14,readable_is_not_authenticated
26,discovered_local_identifier,B12FD0AF-5EEA-5BC6-893C-5F6CFEA51159,readable_is_not_authenticated
26,discovered_local_identifier,95340181-4ADE-FFC2-1268-164A583DBB8B,readable_is_not_authenticated
26,discovered_local_identifier,95340181-4ADE-FFC2-1268-164A583DBB8B,readable_is_not_authenticated
26,discovered_local_identifier,C2774F9E-2451-A2F7-C367-A72E110C01E8,readable_is_not_authenticated
26,discovered_local_identifier,54C8BD20-1ADC-C091-3DED-51EFF0C675AE,readable_is_not_authenticated
26,discovered_local_identifier,95340181-4ADE-FFC2-1268-164A583DBB8B,readable_is_not_authenticated
26,discovered_local_identifier,D7DF2187-5D6D-310B-CA58-54930F1145A5,readable_is_not_authenticated
26,discovered_local_identifier,867D2318-8765-AA6B-F208-4750A44E3436,readable_is_not_authenticated
26,discovered_local_identifier,5222C8D6-8D0B-3FEB-B729-D20EFF1A452E,readable_is_not_authenticated
26,discovered_local_identifier,890C9DCF-DA6D-7430-B774-12B216F6A1E3,readable_is_not_authenticated
26,discovered_local_identifier,890C9DCF-DA6D-7430-B774-12B216F6A1E3,readable_is_not_authenticated
26,discovered_local_identifier,95340181-4ADE-FFC2-1268-164A583DBB8B,readable_is_not_authenticated
26,discovered_local_identifier,95340181-4ADE-FFC2-1268-164A583DBB8B,readable_is_not_authenticated
26,discovered_local_identifier,87206631-24ED-F2F2-AEA4-2C7C0B02F5A4,readable_is_not_authenticated
26,discovered_local_identifier,87206631-24ED-F2F2-AEA4-2C7C0B02F5A4,readable_is_not_authenticated
26,discovered_local_identifier,AF39988A-7D90-9DF6-6879-2AABF1BBCB14,readable_is_not_authenticated
26,discovered_local_identifier,AF39988A-7D90-9DF6-6879-2AABF1BBCB14,readable_is_not_authenticated
26,discovered_local_identifier,28BF2C94-96BE-C442-3704-72CA0C48AA24,readable_is_not_authenticated
26,discovered_local_identifier,28BF2C94-96BE-C442-3704-72CA0C48AA24,readable_is_not_authenticated
27,discovered_local_identifier,AF39988A-7D90-9DF6-6879-2AABF1BBCB14,readable_is_not_authenticated
27,discovered_local_identifier,87206631-24ED-F2F2-AEA4-2C7C0B02F5A4,readable_is_not_authenticated
27,discovered_local_identifier,87206631-24ED-F2F2-AEA4-2C7C0B02F5A4,readable_is_not_authenticated
27,discovered_local_identifier,AF39988A-7D90-9DF6-6879-2AABF1BBCB14,readable_is_not_authenticated
27,discovered_local_identifier,00D3D6F9-F469-69C5-B865-0A0098068AD0,readable_is_not_authenticated
27,discovered_local_identifier,00D3D6F9-F469-69C5-B865-0A0098068AD0,readable_is_not_authenticated
27,discovered_local_identifier,AF39988A-7D90-9DF6-6879-2AABF1BBCB14,readable_is_not_authenticated
27,discovered_local_identifier,AF39988A-7D90-9DF6-6879-2AABF1BBCB14,readable_is_not_authenticated
27,discovered_local_identifier,D61CB12A-1BA8-452B-BE9C-2A34F399BBE1,readable_is_not_authenticated
27,discovered_local_identifier,D61CB12A-1BA8-452B-BE9C-2A34F399BBE1,readable_is_not_authenticated
27,discovered_local_identifier,C2774F9E-2451-A2F7-C367-A72E110C01E8,readable_is_not_authenticated
27,discovered_local_identifier,D61CB12A-1BA8-452B-BE9C-2A34F399BBE1,readable_is_not_authenticated
27,discovered_local_identifier,D61CB12A-1BA8-452B-BE9C-2A34F399BBE1,readable_is_not_authenticated
27,discovered_local_identifier,AF39988A-7D90-9DF6-6879-2AABF1BBCB14,readable_is_not_authenticated
27,discovered_local_identifier,87206631-24ED-F2F2-AEA4-2C7C0B02F5A4,readable_is_not_authenticated
27,discovered_local_identifier,87206631-24ED-F2F2-AEA4-2C7C0B02F5A4,readable_is_not_authenticated
27,discovered_local_identifier,3380E06C-7281-455A-5A03-ADE7CA131044,readable_is_not_authenticated
27,discovered_local_identifier,84BAEBAE-8DA5-77A5-4F8F-E235A3698449,readable_is_not_authenticated
27,discovered_local_identifier,ED70AB26-58BA-9C0C-527C-58EE2782B0F9,readable_is_not_authenticated
27,discovered_local_identifier,28BF2C94-96BE-C442-3704-72CA0C48AA24,readable_is_not_authenticated
27,discovered_local_identifier,AF39988A-7D90-9DF6-6879-2AABF1BBCB14,readable_is_not_authenticated
27,discovered_local_identifier,AF39988A-7D90-9DF6-6879-2AABF1BBCB14,readable_is_not_authenticated
27,discovered_local_identifier,87206631-24ED-F2F2-AEA4-2C7C0B02F5A4,readable_is_not_authenticated
27,discovered_local_identifier,87206631-24ED-F2F2-AEA4-2C7C0B02F5A4,readable_is_not_authenticated
27,discovered_local_identifier,87206631-24ED-F2F2-AEA4-2C7C0B02F5A4,readable_is_not_authenticated
28,discovered_local_identifier,84BAEBAE-8DA5-77A5-4F8F-E235A3698449,readable_is_not_authenticated
28,discovered_local_identifier,87206631-24ED-F2F2-AEA4-2C7C0B02F5A4,readable_is_not_authenticated
28,discovered_local_identifier,58065113-A044-0B9A-45C7-B7E74995A4E8,readable_is_not_authenticated
28,discovered_local_identifier,6BCF76E1-C3AD-CE48-C9B1-87561B4A57BC,readable_is_not_authenticated
28,discovered_local_identifier,AF39988A-7D90-9DF6-6879-2AABF1BBCB14,readable_is_not_authenticated
28,discovered_local_identifier,AF39988A-7D90-9DF6-6879-2AABF1BBCB14,readable_is_not_authenticated
28,discovered_local_identifier,AF39988A-7D90-9DF6-6879-2AABF1BBCB14,readable_is_not_authenticated
28,discovered_local_identifier,AF39988A-7D90-9DF6-6879-2AABF1BBCB14,readable_is_not_authenticated
28,discovered_local_identifier,5222C8D6-8D0B-3FEB-B729-D20EFF1A452E,readable_is_not_authenticated
28,discovered_local_identifier,84BAEBAE-8DA5-77A5-4F8F-E235A3698449,readable_is_not_authenticated
28,discovered_local_identifier,ED70AB26-58BA-9C0C-527C-58EE2782B0F9,readable_is_not_authenticated
28,discovered_local_identifier,AF39988A-7D90-9DF6-6879-2AABF1BBCB14,readable_is_not_authenticated
28,discovered_local_identifier,AF39988A-7D90-9DF6-6879-2AABF1BBCB14,readable_is_not_authenticated
28,discovered_local_identifier,77F43C46-4B48-12DD-419F-060162613B66,readable_is_not_authenticated
28,discovered_local_identifier,54C8BD20-1ADC-C091-3DED-51EFF0C675AE,readable_is_not_authenticated
28,discovered_local_identifier,54C8BD20-1ADC-C091-3DED-51EFF0C675AE,readable_is_not_authenticated
28,discovered_local_identifier,4629C383-AD64-6DDD-D765-491B47112E0F,readable_is_not_authenticated
28,discovered_local_identifier,4629C383-AD64-6DDD-D765-491B47112E0F,readable_is_not_authenticated
28,discovered_local_identifier,C2774F9E-2451-A2F7-C367-A72E110C01E8,readable_is_not_authenticated
28,discovered_local_identifier,95340181-4ADE-FFC2-1268-164A583DBB8B,readable_is_not_authenticated
28,discovered_local_identifier,C34C47AF-DD30-F9A3-6BF5-3B60F4EF9423,readable_is_not_authenticated
28,discovered_local_identifier,C34C47AF-DD30-F9A3-6BF5-3B60F4EF9423,readable_is_not_authenticated
28,discovered_local_identifier,B12FD0AF-5EEA-5BC6-893C-5F6CFEA51159,readable_is_not_authenticated
28,discovered_local_identifier,95340181-4ADE-FFC2-1268-164A583DBB8B,readable_is_not_authenticated
28,discovered_local_identifier,95340181-4ADE-FFC2-1268-164A583DBB8B,readable_is_not_authenticated
29,discovered_local_identifier,5222C8D6-8D0B-3FEB-B729-D20EFF1A452E,readable_is_not_authenticated
29,discovered_local_identifier,5222C8D6-8D0B-3FEB-B729-D20EFF1A452E,readable_is_not_authenticated
29,discovered_local_identifier,87206631-24ED-F2F2-AEA4-2C7C0B02F5A4,readable_is_not_authenticated
29,discovered_local_identifier,87206631-24ED-F2F2-AEA4-2C7C0B02F5A4,readable_is_not_authenticated
29,discovered_local_identifier,87206631-24ED-F2F2-AEA4-2C7C0B02F5A4,readable_is_not_authenticated
29,discovered_local_identifier,C2774F9E-2451-A2F7-C367-A72E110C01E8,readable_is_not_authenticated
29,discovered_local_identifier,87206631-24ED-F2F2-AEA4-2C7C0B02F5A4,readable_is_not_authenticated
29,discovered_local_identifier,87206631-24ED-F2F2-AEA4-2C7C0B02F5A4,readable_is_not_authenticated
29,discovered_local_identifier,AF39988A-7D90-9DF6-6879-2AABF1BBCB14,readable_is_not_authenticated
29,discovered_local_identifier,AF39988A-7D90-9DF6-6879-2AABF1BBCB14,readable_is_not_authenticated
29,discovered_local_identifier,87206631-24ED-F2F2-AEA4-2C7C0B02F5A4,readable_is_not_authenticated
29,discovered_local_identifier,890C9DCF-DA6D-7430-B774-12B216F6A1E3,readable_is_not_authenticated
29,discovered_local_identifier,87206631-24ED-F2F2-AEA4-2C7C0B02F5A4,readable_is_not_authenticated
29,discovered_local_identifier,87206631-24ED-F2F2-AEA4-2C7C0B02F5A4,readable_is_not_authenticated
29,discovered_local_identifier,ED70AB26-58BA-9C0C-527C-58EE2782B0F9,readable_is_not_authenticated
29,discovered_local_identifier,28BF2C94-96BE-C442-3704-72CA0C48AA24,readable_is_not_authenticated
29,discovered_local_identifier,28BF2C94-96BE-C442-3704-72CA0C48AA24,readable_is_not_authenticated
29,discovered_local_identifier,AF39988A-7D90-9DF6-6879-2AABF1BBCB14,readable_is_not_authenticated
29,discovered_local_identifier,5FB0FB02-99F2-3C00-8199-DEA61EC7AE10,readable_is_not_authenticated
29,discovered_local_identifier,87206631-24ED-F2F2-AEA4-2C7C0B02F5A4,readable_is_not_authenticated
29,discovered_local_identifier,DF08A7E0-2CD9-5D3B-D1B3-008810A3D5D1,readable_is_not_authenticated
29,discovered_local_identifier,5222C8D6-8D0B-3FEB-B729-D20EFF1A452E,readable_is_not_authenticated
29,discovered_local_identifier,5222C8D6-8D0B-3FEB-B729-D20EFF1A452E,readable_is_not_authenticated
29,discovered_local_identifier,01EC24B4-5C47-EEE6-DEB3-130A2201495D,readable_is_not_authenticated
29,discovered_local_identifier,E63F8F4D-E82A-D4FE-078E-3B900046446A,readable_is_not_authenticated
29,discovered_local_identifier,AF39988A-7D90-9DF6-6879-2AABF1BBCB14,readable_is_not_authenticated
29,discovered_local_identifier,B1968B12-2E85-B8BB-BE87-3C386BEA4135,readable_is_not_authenticated
29,discovered_local_identifier,B1968B12-2E85-B8BB-BE87-3C386BEA4135,readable_is_not_authenticated
29,discovered_local_identifier,28BF2C94-96BE-C442-3704-72CA0C48AA24,readable_is_not_authenticated
29,discovered_local_identifier,DF08A7E0-2CD9-5D3B-D1B3-008810A3D5D1,readable_is_not_authenticated
29,discovered_local_identifier,6C74D3D9-3BD9-5383-F206-6E1FF19AFA21,readable_is_not_authenticated
29,discovered_local_identifier,83914CF5-E62D-D95A-AB9F-7977C1655B7E,readable_is_not_authenticated
30,discovered_local_identifier,87206631-24ED-F2F2-AEA4-2C7C0B02F5A4,readable_is_not_authenticated
30,discovered_local_identifier,87206631-24ED-F2F2-AEA4-2C7C0B02F5A4,readable_is_not_authenticated
30,discovered_local_identifier,AF39988A-7D90-9DF6-6879-2AABF1BBCB14,readable_is_not_authenticated
30,discovered_local_identifier,AF39988A-7D90-9DF6-6879-2AABF1BBCB14,readable_is_not_authenticated
30,discovered_local_identifier,87206631-24ED-F2F2-AEA4-2C7C0B02F5A4,readable_is_not_authenticated
30,discovered_local_identifier,87206631-24ED-F2F2-AEA4-2C7C0B02F5A4,readable_is_not_authenticated
30,discovered_local_identifier,AF39988A-7D90-9DF6-6879-2AABF1BBCB14,readable_is_not_authenticated
30,discovered_local_identifier,AF39988A-7D90-9DF6-6879-2AABF1BBCB14,readable_is_not_authenticated
30,discovered_local_identifier,7D3E5FCE-7CA1-E75B-2947-FDF098AE2B1D,readable_is_not_authenticated
30,discovered_local_identifier,7D3E5FCE-7CA1-E75B-2947-FDF098AE2B1D,readable_is_not_authenticated
30,discovered_local_identifier,87206631-24ED-F2F2-AEA4-2C7C0B02F5A4,readable_is_not_authenticated
30,discovered_local_identifier,87206631-24ED-F2F2-AEA4-2C7C0B02F5A4,readable_is_not_authenticated
30,discovered_local_identifier,87206631-24ED-F2F2-AEA4-2C7C0B02F5A4,readable_is_not_authenticated
30,discovered_local_identifier,D61CB12A-1BA8-452B-BE9C-2A34F399BBE1,readable_is_not_authenticated
30,discovered_local_identifier,D61CB12A-1BA8-452B-BE9C-2A34F399BBE1,readable_is_not_authenticated
30,discovered_local_identifier,AF39988A-7D90-9DF6-6879-2AABF1BBCB14,readable_is_not_authenticated
30,discovered_local_identifier,B12FD0AF-5EEA-5BC6-893C-5F6CFEA51159,readable_is_not_authenticated
30,discovered_local_identifier,B12FD0AF-5EEA-5BC6-893C-5F6CFEA51159,readable_is_not_authenticated
30,discovered_local_identifier,994A5FC9-89AC-04E5-AC50-E7FC1B87540E,readable_is_not_authenticated
30,discovered_local_identifier,994A5FC9-89AC-04E5-AC50-E7FC1B87540E,readable_is_not_authenticated
30,discovered_local_identifier,AF39988A-7D90-9DF6-6879-2AABF1BBCB14,readable_is_not_authenticated
30,discovered_local_identifier,AF39988A-7D90-9DF6-6879-2AABF1BBCB14,readable_is_not_authenticated
30,discovered_local_identifier,8B0E7D6F-4451-43B2-8646-1F874D900CAF,readable_is_not_authenticated
31,discovered_local_identifier,87206631-24ED-F2F2-AEA4-2C7C0B02F5A4,readable_is_not_authenticated
31,discovered_local_identifier,87206631-24ED-F2F2-AEA4-2C7C0B02F5A4,readable_is_not_authenticated
31,discovered_local_identifier,28BF2C94-96BE-C442-3704-72CA0C48AA24,readable_is_not_authenticated
31,discovered_local_identifier,28BF2C94-96BE-C442-3704-72CA0C48AA24,readable_is_not_authenticated
31,discovered_local_identifier,77F43C46-4B48-12DD-419F-060162613B66,readable_is_not_authenticated
31,discovered_local_identifier,C2774F9E-2451-A2F7-C367-A72E110C01E8,readable_is_not_authenticated
31,discovered_local_identifier,4F6E14C6-7D00-79D8-DD68-538E5D0B5F33,readable_is_not_authenticated
31,discovered_local_identifier,4F6E14C6-7D00-79D8-DD68-538E5D0B5F33,readable_is_not_authenticated
31,discovered_local_identifier,8B0E7D6F-4451-43B2-8646-1F874D900CAF,readable_is_not_authenticated
31,discovered_local_identifier,AF39988A-7D90-9DF6-6879-2AABF1BBCB14,readable_is_not_authenticated
31,discovered_local_identifier,87206631-24ED-F2F2-AEA4-2C7C0B02F5A4,readable_is_not_authenticated
31,discovered_local_identifier,87206631-24ED-F2F2-AEA4-2C7C0B02F5A4,readable_is_not_authenticated
31,discovered_local_identifier,B1968B12-2E85-B8BB-BE87-3C386BEA4135,readable_is_not_authenticated
31,discovered_local_identifier,B1968B12-2E85-B8BB-BE87-3C386BEA4135,readable_is_not_authenticated
31,discovered_local_identifier,28BF2C94-96BE-C442-3704-72CA0C48AA24,readable_is_not_authenticated
31,discovered_local_identifier,28BF2C94-96BE-C442-3704-72CA0C48AA24,readable_is_not_authenticated
31,discovered_local_identifier,2EF4FC09-5FD1-A806-C332-159FC0423CF8,readable_is_not_authenticated
31,discovered_local_identifier,2EF4FC09-5FD1-A806-C332-159FC0423CF8,readable_is_not_authenticated
31,discovered_local_identifier,A52A1774-0F61-31DF-8825-09F39ADE3034,readable_is_not_authenticated
31,discovered_local_identifier,FF779C41-B33D-BC23-FBEA-3DB7A992C46B,readable_is_not_authenticated
31,discovered_local_identifier,84BAEBAE-8DA5-77A5-4F8F-E235A3698449,readable_is_not_authenticated
31,discovered_local_identifier,B12FD0AF-5EEA-5BC6-893C-5F6CFEA51159,readable_is_not_authenticated
31,discovered_local_identifier,87206631-24ED-F2F2-AEA4-2C7C0B02F5A4,readable_is_not_authenticated
31,discovered_local_identifier,87206631-24ED-F2F2-AEA4-2C7C0B02F5A4,readable_is_not_authenticated
31,discovered_local_identifier,AF39988A-7D90-9DF6-6879-2AABF1BBCB14,readable_is_not_authenticated
31,discovered_local_identifier,5FB0FB02-99F2-3C00-8199-DEA61EC7AE10,readable_is_not_authenticated
31,discovered_local_identifier,5FB0FB02-99F2-3C00-8199-DEA61EC7AE10,readable_is_not_authenticated
31,discovered_local_identifier,95340181-4ADE-FFC2-1268-164A583DBB8B,readable_is_not_authenticated
31,discovered_local_identifier,95340181-4ADE-FFC2-1268-164A583DBB8B,readable_is_not_authenticated
31,discovered_local_identifier,87206631-24ED-F2F2-AEA4-2C7C0B02F5A4,readable_is_not_authenticated
31,discovered_local_identifier,87206631-24ED-F2F2-AEA4-2C7C0B02F5A4,readable_is_not_authenticated
31,discovered_local_identifier,87206631-24ED-F2F2-AEA4-2C7C0B02F5A4,readable_is_not_authenticated
31,discovered_local_identifier,87206631-24ED-F2F2-AEA4-2C7C0B02F5A4,readable_is_not_authenticated
31,discovered_local_identifier,AF39988A-7D90-9DF6-6879-2AABF1BBCB14,readable_is_not_authenticated
31,discovered_local_identifier,AF39988A-7D90-9DF6-6879-2AABF1BBCB14,readable_is_not_authenticated
31,discovered_local_identifier,ED70AB26-58BA-9C0C-527C-58EE2782B0F9,readable_is_not_authenticated
31,discovered_local_identifier,84BAEBAE-8DA5-77A5-4F8F-E235A3698449,readable_is_not_authenticated
31,discovered_local_identifier,87206631-24ED-F2F2-AEA4-2C7C0B02F5A4,readable_is_not_authenticated
31,discovered_local_identifier,87206631-24ED-F2F2-AEA4-2C7C0B02F5A4,readable_is_not_authenticated
32,discovered_local_identifier,95340181-4ADE-FFC2-1268-164A583DBB8B,readable_is_not_authenticated
32,discovered_local_identifier,95340181-4ADE-FFC2-1268-164A583DBB8B,readable_is_not_authenticated
32,discovered_local_identifier,87206631-24ED-F2F2-AEA4-2C7C0B02F5A4,readable_is_not_authenticated
32,discovered_local_identifier,87206631-24ED-F2F2-AEA4-2C7C0B02F5A4,readable_is_not_authenticated
32,discovered_local_identifier,77F43C46-4B48-12DD-419F-060162613B66,readable_is_not_authenticated
32,discovered_local_identifier,77F43C46-4B48-12DD-419F-060162613B66,readable_is_not_authenticated
32,discovered_local_identifier,87206631-24ED-F2F2-AEA4-2C7C0B02F5A4,readable_is_not_authenticated
32,discovered_local_identifier,87206631-24ED-F2F2-AEA4-2C7C0B02F5A4,readable_is_not_authenticated
32,discovered_local_identifier,AF39988A-7D90-9DF6-6879-2AABF1BBCB14,readable_is_not_authenticated
32,discovered_local_identifier,AF39988A-7D90-9DF6-6879-2AABF1BBCB14,readable_is_not_authenticated
32,discovered_local_identifier,95340181-4ADE-FFC2-1268-164A583DBB8B,readable_is_not_authenticated
32,discovered_local_identifier,95340181-4ADE-FFC2-1268-164A583DBB8B,readable_is_not_authenticated
32,discovered_local_identifier,F999B69D-47F7-9874-10E4-C8C4EEADDEE0,readable_is_not_authenticated
32,discovered_local_identifier,B12FD0AF-5EEA-5BC6-893C-5F6CFEA51159,readable_is_not_authenticated
32,discovered_local_identifier,A5B89767-14F3-39CD-1237-9FC6C9374604,readable_is_not_authenticated
32,discovered_local_identifier,87206631-24ED-F2F2-AEA4-2C7C0B02F5A4,readable_is_not_authenticated
32,discovered_local_identifier,B12FD0AF-5EEA-5BC6-893C-5F6CFEA51159,readable_is_not_authenticated
32,discovered_local_identifier,87206631-24ED-F2F2-AEA4-2C7C0B02F5A4,readable_is_not_authenticated
32,discovered_local_identifier,87206631-24ED-F2F2-AEA4-2C7C0B02F5A4,readable_is_not_authenticated
32,discovered_local_identifier,AF39988A-7D90-9DF6-6879-2AABF1BBCB14,readable_is_not_authenticated
32,discovered_local_identifier,87206631-24ED-F2F2-AEA4-2C7C0B02F5A4,readable_is_not_authenticated
32,discovered_local_identifier,87206631-24ED-F2F2-AEA4-2C7C0B02F5A4,readable_is_not_authenticated
32,discovered_local_identifier,ED70AB26-58BA-9C0C-527C-58EE2782B0F9,readable_is_not_authenticated
32,discovered_local_identifier,77F43C46-4B48-12DD-419F-060162613B66,readable_is_not_authenticated
33,discovered_local_identifier,87206631-24ED-F2F2-AEA4-2C7C0B02F5A4,readable_is_not_authenticated
33,discovered_local_identifier,C2774F9E-2451-A2F7-C367-A72E110C01E8,readable_is_not_authenticated
33,discovered_local_identifier,87206631-24ED-F2F2-AEA4-2C7C0B02F5A4,readable_is_not_authenticated
33,discovered_local_identifier,87206631-24ED-F2F2-AEA4-2C7C0B02F5A4,readable_is_not_authenticated
33,discovered_local_identifier,994A5FC9-89AC-04E5-AC50-E7FC1B87540E,readable_is_not_authenticated
33,discovered_local_identifier,AF39988A-7D90-9DF6-6879-2AABF1BBCB14,readable_is_not_authenticated
33,discovered_local_identifier,87206631-24ED-F2F2-AEA4-2C7C0B02F5A4,readable_is_not_authenticated
33,discovered_local_identifier,87206631-24ED-F2F2-AEA4-2C7C0B02F5A4,readable_is_not_authenticated
33,discovered_local_identifier,AFCB0F2C-5228-6B94-3824-52BD9D307E39,readable_is_not_authenticated
33,discovered_local_identifier,E63F8F4D-E82A-D4FE-078E-3B900046446A,readable_is_not_authenticated
33,discovered_local_identifier,AFCB0F2C-5228-6B94-3824-52BD9D307E39,readable_is_not_authenticated
33,discovered_local_identifier,AF39988A-7D90-9DF6-6879-2AABF1BBCB14,readable_is_not_authenticated
33,discovered_local_identifier,AF39988A-7D90-9DF6-6879-2AABF1BBCB14,readable_is_not_authenticated
33,discovered_local_identifier,87206631-24ED-F2F2-AEA4-2C7C0B02F5A4,readable_is_not_authenticated
33,discovered_local_identifier,87206631-24ED-F2F2-AEA4-2C7C0B02F5A4,readable_is_not_authenticated
33,discovered_local_identifier,890C9DCF-DA6D-7430-B774-12B216F6A1E3,readable_is_not_authenticated
33,discovered_local_identifier,87206631-24ED-F2F2-AEA4-2C7C0B02F5A4,readable_is_not_authenticated
33,discovered_local_identifier,87206631-24ED-F2F2-AEA4-2C7C0B02F5A4,readable_is_not_authenticated
33,discovered_local_identifier,87206631-24ED-F2F2-AEA4-2C7C0B02F5A4,readable_is_not_authenticated
33,discovered_local_identifier,AF39988A-7D90-9DF6-6879-2AABF1BBCB14,readable_is_not_authenticated
33,discovered_local_identifier,AF39988A-7D90-9DF6-6879-2AABF1BBCB14,readable_is_not_authenticated
33,discovered_local_identifier,AFCB0F2C-5228-6B94-3824-52BD9D307E39,readable_is_not_authenticated
33,discovered_local_identifier,87206631-24ED-F2F2-AEA4-2C7C0B02F5A4,readable_is_not_authenticated
33,discovered_local_identifier,87206631-24ED-F2F2-AEA4-2C7C0B02F5A4,readable_is_not_authenticated
33,discovered_local_identifier,B1968B12-2E85-B8BB-BE87-3C386BEA4135,readable_is_not_authenticated
33,discovered_local_identifier,B1968B12-2E85-B8BB-BE87-3C386BEA4135,readable_is_not_authenticated
33,discovered_local_identifier,5FB0FB02-99F2-3C00-8199-DEA61EC7AE10,readable_is_not_authenticated
34,discovered_local_identifier,7D3E5FCE-7CA1-E75B-2947-FDF098AE2B1D,readable_is_not_authenticated
34,discovered_local_identifier,7D3E5FCE-7CA1-E75B-2947-FDF098AE2B1D,readable_is_not_authenticated
34,discovered_local_identifier,87206631-24ED-F2F2-AEA4-2C7C0B02F5A4,readable_is_not_authenticated
34,discovered_local_identifier,87206631-24ED-F2F2-AEA4-2C7C0B02F5A4,readable_is_not_authenticated
34,discovered_local_identifier,C2774F9E-2451-A2F7-C367-A72E110C01E8,readable_is_not_authenticated
34,discovered_local_identifier,AF39988A-7D90-9DF6-6879-2AABF1BBCB14,readable_is_not_authenticated
34,discovered_local_identifier,AF39988A-7D90-9DF6-6879-2AABF1BBCB14,readable_is_not_authenticated
34,discovered_local_identifier,5222C8D6-8D0B-3FEB-B729-D20EFF1A452E,readable_is_not_authenticated
34,discovered_local_identifier,2EF4FC09-5FD1-A806-C332-159FC0423CF8,readable_is_not_authenticated
34,discovered_local_identifier,2EF4FC09-5FD1-A806-C332-159FC0423CF8,readable_is_not_authenticated
34,discovered_local_identifier,AFCB0F2C-5228-6B94-3824-52BD9D307E39,readable_is_not_authenticated
34,discovered_local_identifier,D61CB12A-1BA8-452B-BE9C-2A34F399BBE1,readable_is_not_authenticated
34,discovered_local_identifier,AF39988A-7D90-9DF6-6879-2AABF1BBCB14,readable_is_not_authenticated
34,discovered_local_identifier,AF39988A-7D90-9DF6-6879-2AABF1BBCB14,readable_is_not_authenticated
34,discovered_local_identifier,28BF2C94-96BE-C442-3704-72CA0C48AA24,readable_is_not_authenticated
34,discovered_local_identifier,87206631-24ED-F2F2-AEA4-2C7C0B02F5A4,readable_is_not_authenticated
34,discovered_local_identifier,87206631-24ED-F2F2-AEA4-2C7C0B02F5A4,readable_is_not_authenticated
34,discovered_local_identifier,2EF4FC09-5FD1-A806-C332-159FC0423CF8,readable_is_not_authenticated
34,discovered_local_identifier,7D3E5FCE-7CA1-E75B-2947-FDF098AE2B1D,readable_is_not_authenticated
34,discovered_local_identifier,DF08A7E0-2CD9-5D3B-D1B3-008810A3D5D1,readable_is_not_authenticated
34,discovered_local_identifier,DF08A7E0-2CD9-5D3B-D1B3-008810A3D5D1,readable_is_not_authenticated
34,discovered_local_identifier,ED70AB26-58BA-9C0C-527C-58EE2782B0F9,readable_is_not_authenticated
34,discovered_local_identifier,5FB0FB02-99F2-3C00-8199-DEA61EC7AE10,readable_is_not_authenticated
34,discovered_local_identifier,5FB0FB02-99F2-3C00-8199-DEA61EC7AE10,readable_is_not_authenticated
34,discovered_local_identifier,87206631-24ED-F2F2-AEA4-2C7C0B02F5A4,readable_is_not_authenticated
34,discovered_local_identifier,87206631-24ED-F2F2-AEA4-2C7C0B02F5A4,readable_is_not_authenticated
34,discovered_local_identifier,87206631-24ED-F2F2-AEA4-2C7C0B02F5A4,readable_is_not_authenticated
34,discovered_local_identifier,87206631-24ED-F2F2-AEA4-2C7C0B02F5A4,readable_is_not_authenticated
34,discovered_local_identifier,87206631-24ED-F2F2-AEA4-2C7C0B02F5A4,readable_is_not_authenticated
34,discovered_local_identifier,87206631-24ED-F2F2-AEA4-2C7C0B02F5A4,readable_is_not_authenticated
34,discovered_local_identifier,ED70AB26-58BA-9C0C-527C-58EE2782B0F9,readable_is_not_authenticated
35,discovered_local_identifier,AFCB0F2C-5228-6B94-3824-52BD9D307E39,readable_is_not_authenticated
35,discovered_local_identifier,87206631-24ED-F2F2-AEA4-2C7C0B02F5A4,readable_is_not_authenticated
35,discovered_local_identifier,87206631-24ED-F2F2-AEA4-2C7C0B02F5A4,readable_is_not_authenticated
35,discovered_local_identifier,84BAEBAE-8DA5-77A5-4F8F-E235A3698449,readable_is_not_authenticated
35,discovered_local_identifier,AFCB0F2C-5228-6B94-3824-52BD9D307E39,readable_is_not_authenticated
35,discovered_local_identifier,58065113-A044-0B9A-45C7-B7E74995A4E8,readable_is_not_authenticated
35,discovered_local_identifier,58065113-A044-0B9A-45C7-B7E74995A4E8,readable_is_not_authenticated
35,discovered_local_identifier,890C9DCF-DA6D-7430-B774-12B216F6A1E3,readable_is_not_authenticated
35,discovered_local_identifier,77F43C46-4B48-12DD-419F-060162613B66,readable_is_not_authenticated
35,discovered_local_identifier,6AC941BE-D216-2643-20DE-90DF07605875,readable_is_not_authenticated
35,discovered_local_identifier,D0D549D6-E2C7-9B92-2B07-6D390893099D,readable_is_not_authenticated
35,discovered_local_identifier,AFCB0F2C-5228-6B94-3824-52BD9D307E39,readable_is_not_authenticated
35,discovered_local_identifier,AFCB0F2C-5228-6B94-3824-52BD9D307E39,readable_is_not_authenticated
35,discovered_local_identifier,AF39988A-7D90-9DF6-6879-2AABF1BBCB14,readable_is_not_authenticated
35,discovered_local_identifier,87206631-24ED-F2F2-AEA4-2C7C0B02F5A4,readable_is_not_authenticated
35,discovered_local_identifier,87206631-24ED-F2F2-AEA4-2C7C0B02F5A4,readable_is_not_authenticated
35,discovered_local_identifier,890C9DCF-DA6D-7430-B774-12B216F6A1E3,readable_is_not_authenticated
35,discovered_local_identifier,95340181-4ADE-FFC2-1268-164A583DBB8B,readable_is_not_authenticated
35,discovered_local_identifier,95340181-4ADE-FFC2-1268-164A583DBB8B,readable_is_not_authenticated
35,discovered_local_identifier,AF39988A-7D90-9DF6-6879-2AABF1BBCB14,readable_is_not_authenticated
35,discovered_local_identifier,AF39988A-7D90-9DF6-6879-2AABF1BBCB14,readable_is_not_authenticated
35,discovered_local_identifier,87206631-24ED-F2F2-AEA4-2C7C0B02F5A4,readable_is_not_authenticated
35,discovered_local_identifier,87206631-24ED-F2F2-AEA4-2C7C0B02F5A4,readable_is_not_authenticated
35,discovered_local_identifier,890C9DCF-DA6D-7430-B774-12B216F6A1E3,readable_is_not_authenticated
35,discovered_local_identifier,890C9DCF-DA6D-7430-B774-12B216F6A1E3,readable_is_not_authenticated
35,discovered_local_identifier,77F43C46-4B48-12DD-419F-060162613B66,readable_is_not_authenticated
35,discovered_local_identifier,95340181-4ADE-FFC2-1268-164A583DBB8B,readable_is_not_authenticated
35,discovered_local_identifier,95340181-4ADE-FFC2-1268-164A583DBB8B,readable_is_not_authenticated
35,discovered_local_identifier,B12FD0AF-5EEA-5BC6-893C-5F6CFEA51159,readable_is_not_authenticated
35,discovered_local_identifier,C2774F9E-2451-A2F7-C367-A72E110C01E8,readable_is_not_authenticated
35,discovered_local_identifier,87206631-24ED-F2F2-AEA4-2C7C0B02F5A4,readable_is_not_authenticated
35,discovered_local_identifier,6AC941BE-D216-2643-20DE-90DF07605875,readable_is_not_authenticated
36,discovered_local_identifier,AF39988A-7D90-9DF6-6879-2AABF1BBCB14,readable_is_not_authenticated
36,discovered_local_identifier,AF39988A-7D90-9DF6-6879-2AABF1BBCB14,readable_is_not_authenticated
36,discovered_local_identifier,01EC24B4-5C47-EEE6-DEB3-130A2201495D,readable_is_not_authenticated
36,discovered_local_identifier,B12FD0AF-5EEA-5BC6-893C-5F6CFEA51159,readable_is_not_authenticated
36,discovered_local_identifier,84BAEBAE-8DA5-77A5-4F8F-E235A3698449,readable_is_not_authenticated
36,discovered_local_identifier,87206631-24ED-F2F2-AEA4-2C7C0B02F5A4,readable_is_not_authenticated
36,discovered_local_identifier,87206631-24ED-F2F2-AEA4-2C7C0B02F5A4,readable_is_not_authenticated
36,discovered_local_identifier,C2774F9E-2451-A2F7-C367-A72E110C01E8,readable_is_not_authenticated
36,discovered_local_identifier,28BF2C94-96BE-C442-3704-72CA0C48AA24,readable_is_not_authenticated
36,discovered_local_identifier,87206631-24ED-F2F2-AEA4-2C7C0B02F5A4,readable_is_not_authenticated
36,discovered_local_identifier,AF39988A-7D90-9DF6-6879-2AABF1BBCB14,readable_is_not_authenticated
36,discovered_local_identifier,AF39988A-7D90-9DF6-6879-2AABF1BBCB14,readable_is_not_authenticated
36,discovered_local_identifier,00D3D6F9-F469-69C5-B865-0A0098068AD0,readable_is_not_authenticated
36,discovered_local_identifier,00D3D6F9-F469-69C5-B865-0A0098068AD0,readable_is_not_authenticated
36,discovered_local_identifier,87206631-24ED-F2F2-AEA4-2C7C0B02F5A4,readable_is_not_authenticated
36,discovered_local_identifier,87206631-24ED-F2F2-AEA4-2C7C0B02F5A4,readable_is_not_authenticated
36,discovered_local_identifier,84BAEBAE-8DA5-77A5-4F8F-E235A3698449,readable_is_not_authenticated
36,discovered_local_identifier,AF39988A-7D90-9DF6-6879-2AABF1BBCB14,readable_is_not_authenticated
36,discovered_local_identifier,58065113-A044-0B9A-45C7-B7E74995A4E8,readable_is_not_authenticated
36,discovered_local_identifier,58065113-A044-0B9A-45C7-B7E74995A4E8,readable_is_not_authenticated
36,discovered_local_identifier,77F43C46-4B48-12DD-419F-060162613B66,readable_is_not_authenticated
36,discovered_local_identifier,87206631-24ED-F2F2-AEA4-2C7C0B02F5A4,readable_is_not_authenticated
36,discovered_local_identifier,87206631-24ED-F2F2-AEA4-2C7C0B02F5A4,readable_is_not_authenticated
36,discovered_local_identifier,AF39988A-7D90-9DF6-6879-2AABF1BBCB14,readable_is_not_authenticated
36,discovered_local_identifier,6BCF76E1-C3AD-CE48-C9B1-87561B4A57BC,readable_is_not_authenticated
36,discovered_local_identifier,A52A1774-0F61-31DF-8825-09F39ADE3034,readable_is_not_authenticated
36,discovered_local_identifier,84BAEBAE-8DA5-77A5-4F8F-E235A3698449,readable_is_not_authenticated
36,discovered_local_identifier,87206631-24ED-F2F2-AEA4-2C7C0B02F5A4,readable_is_not_authenticated
36,discovered_local_identifier,87206631-24ED-F2F2-AEA4-2C7C0B02F5A4,readable_is_not_authenticated
36,discovered_local_identifier,77F43C46-4B48-12DD-419F-060162613B66,readable_is_not_authenticated
36,discovered_local_identifier,AF39988A-7D90-9DF6-6879-2AABF1BBCB14,readable_is_not_authenticated
36,discovered_local_identifier,AF39988A-7D90-9DF6-6879-2AABF1BBCB14,readable_is_not_authenticated
36,discovered_local_identifier,87206631-24ED-F2F2-AEA4-2C7C0B02F5A4,readable_is_not_authenticated
36,discovered_local_identifier,87206631-24ED-F2F2-AEA4-2C7C0B02F5A4,readable_is_not_authenticated
36,discovered_local_identifier,54C8BD20-1ADC-C091-3DED-51EFF0C675AE,readable_is_not_authenticated
37,discovered_local_identifier,87206631-24ED-F2F2-AEA4-2C7C0B02F5A4,readable_is_not_authenticated
37,discovered_local_identifier,6BCF76E1-C3AD-CE48-C9B1-87561B4A57BC,readable_is_not_authenticated
37,discovered_local_identifier,D61CB12A-1BA8-452B-BE9C-2A34F399BBE1,readable_is_not_authenticated
37,discovered_local_identifier,D61CB12A-1BA8-452B-BE9C-2A34F399BBE1,readable_is_not_authenticated
37,discovered_local_identifier,C2774F9E-2451-A2F7-C367-A72E110C01E8,readable_is_not_authenticated
37,discovered_local_identifier,890C9DCF-DA6D-7430-B774-12B216F6A1E3,readable_is_not_authenticated
37,discovered_local_identifier,87206631-24ED-F2F2-AEA4-2C7C0B02F5A4,readable_is_not_authenticated
37,discovered_local_identifier,87206631-24ED-F2F2-AEA4-2C7C0B02F5A4,readable_is_not_authenticated
37,discovered_local_identifier,AF39988A-7D90-9DF6-6879-2AABF1BBCB14,readable_is_not_authenticated
37,discovered_local_identifier,B1968B12-2E85-B8BB-BE87-3C386BEA4135,readable_is_not_authenticated
37,discovered_local_identifier,B1968B12-2E85-B8BB-BE87-3C386BEA4135,readable_is_not_authenticated
37,discovered_local_identifier,2EF4FC09-5FD1-A806-C332-159FC0423CF8,readable_is_not_authenticated
37,discovered_local_identifier,2EF4FC09-5FD1-A806-C332-159FC0423CF8,readable_is_not_authenticated
37,discovered_local_identifier,87206631-24ED-F2F2-AEA4-2C7C0B02F5A4,readable_is_not_authenticated
37,discovered_local_identifier,87206631-24ED-F2F2-AEA4-2C7C0B02F5A4,readable_is_not_authenticated
37,discovered_local_identifier,AF39988A-7D90-9DF6-6879-2AABF1BBCB14,readable_is_not_authenticated
37,discovered_local_identifier,AF39988A-7D90-9DF6-6879-2AABF1BBCB14,readable_is_not_authenticated
37,discovered_local_identifier,6BCF76E1-C3AD-CE48-C9B1-87561B4A57BC,readable_is_not_authenticated
37,discovered_local_identifier,84BAEBAE-8DA5-77A5-4F8F-E235A3698449,readable_is_not_authenticated
37,discovered_local_identifier,B12FD0AF-5EEA-5BC6-893C-5F6CFEA51159,readable_is_not_authenticated
37,discovered_local_identifier,AF39988A-7D90-9DF6-6879-2AABF1BBCB14,readable_is_not_authenticated
37,discovered_local_identifier,87206631-24ED-F2F2-AEA4-2C7C0B02F5A4,readable_is_not_authenticated
37,discovered_local_identifier,87206631-24ED-F2F2-AEA4-2C7C0B02F5A4,readable_is_not_authenticated
37,discovered_local_identifier,AF39988A-7D90-9DF6-6879-2AABF1BBCB14,readable_is_not_authenticated
37,discovered_local_identifier,AF39988A-7D90-9DF6-6879-2AABF1BBCB14,readable_is_not_authenticated
37,discovered_local_identifier,6BCF76E1-C3AD-CE48-C9B1-87561B4A57BC,readable_is_not_authenticated
37,discovered_local_identifier,6BCF76E1-C3AD-CE48-C9B1-87561B4A57BC,readable_is_not_authenticated
38,discovered_local_identifier,AF39988A-7D90-9DF6-6879-2AABF1BBCB14,readable_is_not_authenticated
38,discovered_local_identifier,B12FD0AF-5EEA-5BC6-893C-5F6CFEA51159,readable_is_not_authenticated
38,discovered_local_identifier,84BAEBAE-8DA5-77A5-4F8F-E235A3698449,readable_is_not_authenticated
38,discovered_local_identifier,87206631-24ED-F2F2-AEA4-2C7C0B02F5A4,readable_is_not_authenticated
38,discovered_local_identifier,87206631-24ED-F2F2-AEA4-2C7C0B02F5A4,readable_is_not_authenticated
38,discovered_local_identifier,5FB0FB02-99F2-3C00-8199-DEA61EC7AE10,readable_is_not_authenticated
38,discovered_local_identifier,5FB0FB02-99F2-3C00-8199-DEA61EC7AE10,readable_is_not_authenticated
38,discovered_local_identifier,6BCF76E1-C3AD-CE48-C9B1-87561B4A57BC,readable_is_not_authenticated
38,discovered_local_identifier,6BCF76E1-C3AD-CE48-C9B1-87561B4A57BC,readable_is_not_authenticated
38,discovered_local_identifier,AF39988A-7D90-9DF6-6879-2AABF1BBCB14,readable_is_not_authenticated
38,discovered_local_identifier,87206631-24ED-F2F2-AEA4-2C7C0B02F5A4,readable_is_not_authenticated
38,discovered_local_identifier,54C8BD20-1ADC-C091-3DED-51EFF0C675AE,readable_is_not_authenticated
38,discovered_local_identifier,54C8BD20-1ADC-C091-3DED-51EFF0C675AE,readable_is_not_authenticated
38,discovered_local_identifier,3380E06C-7281-455A-5A03-ADE7CA131044,readable_is_not_authenticated
38,discovered_local_identifier,3380E06C-7281-455A-5A03-ADE7CA131044,readable_is_not_authenticated
38,discovered_local_identifier,87206631-24ED-F2F2-AEA4-2C7C0B02F5A4,readable_is_not_authenticated
38,discovered_local_identifier,87206631-24ED-F2F2-AEA4-2C7C0B02F5A4,readable_is_not_authenticated
38,discovered_local_identifier,890C9DCF-DA6D-7430-B774-12B216F6A1E3,readable_is_not_authenticated
38,discovered_local_identifier,87206631-24ED-F2F2-AEA4-2C7C0B02F5A4,readable_is_not_authenticated
38,discovered_local_identifier,87206631-24ED-F2F2-AEA4-2C7C0B02F5A4,readable_is_not_authenticated
38,discovered_local_identifier,B1968B12-2E85-B8BB-BE87-3C386BEA4135,readable_is_not_authenticated
38,discovered_local_identifier,B1968B12-2E85-B8BB-BE87-3C386BEA4135,readable_is_not_authenticated
38,discovered_local_identifier,87206631-24ED-F2F2-AEA4-2C7C0B02F5A4,readable_is_not_authenticated
38,discovered_local_identifier,87206631-24ED-F2F2-AEA4-2C7C0B02F5A4,readable_is_not_authenticated
38,discovered_local_identifier,C2774F9E-2451-A2F7-C367-A72E110C01E8,readable_is_not_authenticated
38,discovered_local_identifier,DF08A7E0-2CD9-5D3B-D1B3-008810A3D5D1,readable_is_not_authenticated
38,discovered_local_identifier,DF08A7E0-2CD9-5D3B-D1B3-008810A3D5D1,readable_is_not_authenticated
38,discovered_local_identifier,95340181-4ADE-FFC2-1268-164A583DBB8B,readable_is_not_authenticated
38,discovered_local_identifier,95340181-4ADE-FFC2-1268-164A583DBB8B,readable_is_not_authenticated
38,discovered_local_identifier,890C9DCF-DA6D-7430-B774-12B216F6A1E3,readable_is_not_authenticated
38,discovered_local_identifier,890C9DCF-DA6D-7430-B774-12B216F6A1E3,readable_is_not_authenticated
38,discovered_local_identifier,5222C8D6-8D0B-3FEB-B729-D20EFF1A452E,readable_is_not_authenticated
38,discovered_local_identifier,AF39988A-7D90-9DF6-6879-2AABF1BBCB14,readable_is_not_authenticated
38,discovered_local_identifier,28BF2C94-96BE-C442-3704-72CA0C48AA24,readable_is_not_authenticated
38,discovered_local_identifier,AF39988A-7D90-9DF6-6879-2AABF1BBCB14,readable_is_not_authenticated
38,discovered_local_identifier,7D3E5FCE-7CA1-E75B-2947-FDF098AE2B1D,readable_is_not_authenticated
38,discovered_local_identifier,890C9DCF-DA6D-7430-B774-12B216F6A1E3,readable_is_not_authenticated
38,discovered_local_identifier,DF08A7E0-2CD9-5D3B-D1B3-008810A3D5D1,readable_is_not_authenticated
38,discovered_local_identifier,D0D549D6-E2C7-9B92-2B07-6D390893099D,readable_is_not_authenticated
38,discovered_local_identifier,AF39988A-7D90-9DF6-6879-2AABF1BBCB14,readable_is_not_authenticated
39,discovered_local_identifier,B12FD0AF-5EEA-5BC6-893C-5F6CFEA51159,readable_is_not_authenticated
39,discovered_local_identifier,87206631-24ED-F2F2-AEA4-2C7C0B02F5A4,readable_is_not_authenticated
39,discovered_local_identifier,87206631-24ED-F2F2-AEA4-2C7C0B02F5A4,readable_is_not_authenticated
39,discovered_local_identifier,87206631-24ED-F2F2-AEA4-2C7C0B02F5A4,readable_is_not_authenticated
39,discovered_local_identifier,ED70AB26-58BA-9C0C-527C-58EE2782B0F9,readable_is_not_authenticated
39,discovered_local_identifier,DF08A7E0-2CD9-5D3B-D1B3-008810A3D5D1,readable_is_not_authenticated
39,discovered_local_identifier,DF08A7E0-2CD9-5D3B-D1B3-008810A3D5D1,readable_is_not_authenticated
39,discovered_local_identifier,5222C8D6-8D0B-3FEB-B729-D20EFF1A452E,readable_is_not_authenticated
39,discovered_local_identifier,87206631-24ED-F2F2-AEA4-2C7C0B02F5A4,readable_is_not_authenticated
39,discovered_local_identifier,58065113-A044-0B9A-45C7-B7E74995A4E8,readable_is_not_authenticated
39,discovered_local_identifier,58065113-A044-0B9A-45C7-B7E74995A4E8,readable_is_not_authenticated
39,discovered_local_identifier,28BF2C94-96BE-C442-3704-72CA0C48AA24,readable_is_not_authenticated
39,discovered_local_identifier,28BF2C94-96BE-C442-3704-72CA0C48AA24,readable_is_not_authenticated
39,discovered_local_identifier,87206631-24ED-F2F2-AEA4-2C7C0B02F5A4,readable_is_not_authenticated
39,discovered_local_identifier,87206631-24ED-F2F2-AEA4-2C7C0B02F5A4,readable_is_not_authenticated
39,discovered_local_identifier,77F43C46-4B48-12DD-419F-060162613B66,readable_is_not_authenticated
39,discovered_local_identifier,890C9DCF-DA6D-7430-B774-12B216F6A1E3,readable_is_not_authenticated
39,discovered_local_identifier,AF39988A-7D90-9DF6-6879-2AABF1BBCB14,readable_is_not_authenticated
39,discovered_local_identifier,ED70AB26-58BA-9C0C-527C-58EE2782B0F9,readable_is_not_authenticated
39,discovered_local_identifier,AF39988A-7D90-9DF6-6879-2AABF1BBCB14,readable_is_not_authenticated
39,discovered_local_identifier,AF39988A-7D90-9DF6-6879-2AABF1BBCB14,readable_is_not_authenticated
39,discovered_local_identifier,87206631-24ED-F2F2-AEA4-2C7C0B02F5A4,readable_is_not_authenticated
39,discovered_local_identifier,28BF2C94-96BE-C442-3704-72CA0C48AA24,readable_is_not_authenticated
39,discovered_local_identifier,28BF2C94-96BE-C442-3704-72CA0C48AA24,readable_is_not_authenticated
39,discovered_local_identifier,87206631-24ED-F2F2-AEA4-2C7C0B02F5A4,readable_is_not_authenticated
39,discovered_local_identifier,FF779C41-B33D-BC23-FBEA-3DB7A992C46B,readable_is_not_authenticated
39,discovered_local_identifier,FF779C41-B33D-BC23-FBEA-3DB7A992C46B,readable_is_not_authenticated
39,discovered_local_identifier,FF779C41-B33D-BC23-FBEA-3DB7A992C46B,readable_is_not_authenticated
39,discovered_local_identifier,2EF4FC09-5FD1-A806-C332-159FC0423CF8,readable_is_not_authenticated
40,discovered_local_identifier,AF39988A-7D90-9DF6-6879-2AABF1BBCB14,readable_is_not_authenticated
40,discovered_local_identifier,AF39988A-7D90-9DF6-6879-2AABF1BBCB14,readable_is_not_authenticated
40,discovered_local_identifier,87206631-24ED-F2F2-AEA4-2C7C0B02F5A4,readable_is_not_authenticated
40,discovered_local_identifier,87206631-24ED-F2F2-AEA4-2C7C0B02F5A4,readable_is_not_authenticated
40,discovered_local_identifier,D61CB12A-1BA8-452B-BE9C-2A34F399BBE1,readable_is_not_authenticated
40,discovered_local_identifier,D61CB12A-1BA8-452B-BE9C-2A34F399BBE1,readable_is_not_authenticated
40,discovered_local_identifier,87206631-24ED-F2F2-AEA4-2C7C0B02F5A4,readable_is_not_authenticated
40,discovered_local_identifier,87206631-24ED-F2F2-AEA4-2C7C0B02F5A4,readable_is_not_authenticated
40,discovered_local_identifier,28BF2C94-96BE-C442-3704-72CA0C48AA24,readable_is_not_authenticated
40,discovered_local_identifier,28BF2C94-96BE-C442-3704-72CA0C48AA24,readable_is_not_authenticated
40,discovered_local_identifier,6AC941BE-D216-2643-20DE-90DF07605875,readable_is_not_authenticated
40,discovered_local_identifier,E1F8993E-F577-36B9-A6C5-8FCA38D12792,readable_is_not_authenticated
40,discovered_local_identifier,B12FD0AF-5EEA-5BC6-893C-5F6CFEA51159,readable_is_not_authenticated
40,discovered_local_identifier,2EF4FC09-5FD1-A806-C332-159FC0423CF8,readable_is_not_authenticated
40,discovered_local_identifier,A52A1774-0F61-31DF-8825-09F39ADE3034,readable_is_not_authenticated
40,discovered_local_identifier,A52A1774-0F61-31DF-8825-09F39ADE3034,readable_is_not_authenticated
40,discovered_local_identifier,87206631-24ED-F2F2-AEA4-2C7C0B02F5A4,readable_is_not_authenticated
40,discovered_local_identifier,87206631-24ED-F2F2-AEA4-2C7C0B02F5A4,readable_is_not_authenticated
40,discovered_local_identifier,84BAEBAE-8DA5-77A5-4F8F-E235A3698449,readable_is_not_authenticated
40,discovered_local_identifier,AF39988A-7D90-9DF6-6879-2AABF1BBCB14,readable_is_not_authenticated
40,discovered_local_identifier,AF39988A-7D90-9DF6-6879-2AABF1BBCB14,readable_is_not_authenticated
40,discovered_local_identifier,D61CB12A-1BA8-452B-BE9C-2A34F399BBE1,readable_is_not_authenticated
40,discovered_local_identifier,D61CB12A-1BA8-452B-BE9C-2A34F399BBE1,readable_is_not_authenticated
40,discovered_local_identifier,58065113-A044-0B9A-45C7-B7E74995A4E8,readable_is_not_authenticated
40,discovered_local_identifier,58065113-A044-0B9A-45C7-B7E74995A4E8,readable_is_not_authenticated
40,discovered_local_identifier,87206631-24ED-F2F2-AEA4-2C7C0B02F5A4,readable_is_not_authenticated
40,discovered_local_identifier,87206631-24ED-F2F2-AEA4-2C7C0B02F5A4,readable_is_not_authenticated
40,discovered_local_identifier,D61CB12A-1BA8-452B-BE9C-2A34F399BBE1,readable_is_not_authenticated
40,discovered_local_identifier,D61CB12A-1BA8-452B-BE9C-2A34F399BBE1,readable_is_not_authenticated
40,discovered_local_identifier,AF39988A-7D90-9DF6-6879-2AABF1BBCB14,readable_is_not_authenticated
40,discovered_local_identifier,AF39988A-7D90-9DF6-6879-2AABF1BBCB14,readable_is_not_authenticated
40,discovered_local_identifier,87206631-24ED-F2F2-AEA4-2C7C0B02F5A4,readable_is_not_authenticated
40,discovered_local_identifier,B12FD0AF-5EEA-5BC6-893C-5F6CFEA51159,readable_is_not_authenticated
40,discovered_local_identifier,87206631-24ED-F2F2-AEA4-2C7C0B02F5A4,readable_is_not_authenticated
40,discovered_local_identifier,87206631-24ED-F2F2-AEA4-2C7C0B02F5A4,readable_is_not_authenticated
40,discovered_local_identifier,AF39988A-7D90-9DF6-6879-2AABF1BBCB14,readable_is_not_authenticated
40,discovered_local_identifier,AF39988A-7D90-9DF6-6879-2AABF1BBCB14,readable_is_not_authenticated
40,discovered_local_identifier,B1D4A68B-CB26-5E5F-742B-38B011111906,readable_is_not_authenticated
40,discovered_local_identifier,890C9DCF-DA6D-7430-B774-12B216F6A1E3,readable_is_not_authenticated
40,discovered_local_identifier,890C9DCF-DA6D-7430-B774-12B216F6A1E3,readable_is_not_authenticated
40,discovered_local_identifier,B1968B12-2E85-B8BB-BE87-3C386BEA4135,readable_is_not_authenticated
40,discovered_local_identifier,B1968B12-2E85-B8BB-BE87-3C386BEA4135,readable_is_not_authenticated
40,discovered_local_identifier,AF39988A-7D90-9DF6-6879-2AABF1BBCB14,readable_is_not_authenticated
40,discovered_local_identifier,58065113-A044-0B9A-45C7-B7E74995A4E8,readable_is_not_authenticated
41,discovered_local_identifier,C2774F9E-2451-A2F7-C367-A72E110C01E8,readable_is_not_authenticated
41,discovered_local_identifier,5FB0FB02-99F2-3C00-8199-DEA61EC7AE10,readable_is_not_authenticated
41,discovered_local_identifier,890C9DCF-DA6D-7430-B774-12B216F6A1E3,readable_is_not_authenticated
41,discovered_local_identifier,ED70AB26-58BA-9C0C-527C-58EE2782B0F9,readable_is_not_authenticated
41,discovered_local_identifier,5222C8D6-8D0B-3FEB-B729-D20EFF1A452E,readable_is_not_authenticated
41,discovered_local_identifier,5222C8D6-8D0B-3FEB-B729-D20EFF1A452E,readable_is_not_authenticated
41,discovered_local_identifier,00D3D6F9-F469-69C5-B865-0A0098068AD0,readable_is_not_authenticated
41,discovered_local_identifier,B1968B12-2E85-B8BB-BE87-3C386BEA4135,readable_is_not_authenticated
41,discovered_local_identifier,AF39988A-7D90-9DF6-6879-2AABF1BBCB14,readable_is_not_authenticated
41,discovered_local_identifier,AF39988A-7D90-9DF6-6879-2AABF1BBCB14,readable_is_not_authenticated
41,discovered_local_identifier,890C9DCF-DA6D-7430-B774-12B216F6A1E3,readable_is_not_authenticated
41,discovered_local_identifier,AF39988A-7D90-9DF6-6879-2AABF1BBCB14,readable_is_not_authenticated
41,discovered_local_identifier,AF39988A-7D90-9DF6-6879-2AABF1BBCB14,readable_is_not_authenticated
41,discovered_local_identifier,87206631-24ED-F2F2-AEA4-2C7C0B02F5A4,readable_is_not_authenticated
41,discovered_local_identifier,87206631-24ED-F2F2-AEA4-2C7C0B02F5A4,readable_is_not_authenticated
41,discovered_local_identifier,6BCF76E1-C3AD-CE48-C9B1-87561B4A57BC,readable_is_not_authenticated
41,discovered_local_identifier,6BCF76E1-C3AD-CE48-C9B1-87561B4A57BC,readable_is_not_authenticated
41,discovered_local_identifier,AF39988A-7D90-9DF6-6879-2AABF1BBCB14,readable_is_not_authenticated
41,discovered_local_identifier,87206631-24ED-F2F2-AEA4-2C7C0B02F5A4,readable_is_not_authenticated
41,discovered_local_identifier,87206631-24ED-F2F2-AEA4-2C7C0B02F5A4,readable_is_not_authenticated
41,discovered_local_identifier,AF39988A-7D90-9DF6-6879-2AABF1BBCB14,readable_is_not_authenticated
41,discovered_local_identifier,890C9DCF-DA6D-7430-B774-12B216F6A1E3,readable_is_not_authenticated
41,discovered_local_identifier,87206631-24ED-F2F2-AEA4-2C7C0B02F5A4,readable_is_not_authenticated
41,discovered_local_identifier,87206631-24ED-F2F2-AEA4-2C7C0B02F5A4,readable_is_not_authenticated
41,discovered_local_identifier,87206631-24ED-F2F2-AEA4-2C7C0B02F5A4,readable_is_not_authenticated
41,discovered_local_identifier,77F43C46-4B48-12DD-419F-060162613B66,readable_is_not_authenticated
41,discovered_local_identifier,01EC24B4-5C47-EEE6-DEB3-130A2201495D,readable_is_not_authenticated
42,discovered_local_identifier,95340181-4ADE-FFC2-1268-164A583DBB8B,readable_is_not_authenticated
42,discovered_local_identifier,95340181-4ADE-FFC2-1268-164A583DBB8B,readable_is_not_authenticated
42,discovered_local_identifier,AF39988A-7D90-9DF6-6879-2AABF1BBCB14,readable_is_not_authenticated
42,discovered_local_identifier,AF39988A-7D90-9DF6-6879-2AABF1BBCB14,readable_is_not_authenticated
42,discovered_local_identifier,D0D549D6-E2C7-9B92-2B07-6D390893099D,readable_is_not_authenticated
42,discovered_local_identifier,ED70AB26-58BA-9C0C-527C-58EE2782B0F9,readable_is_not_authenticated
42,discovered_local_identifier,6BCF76E1-C3AD-CE48-C9B1-87561B4A57BC,readable_is_not_authenticated
42,discovered_local_identifier,87206631-24ED-F2F2-AEA4-2C7C0B02F5A4,readable_is_not_authenticated
42,discovered_local_identifier,95340181-4ADE-FFC2-1268-164A583DBB8B,readable_is_not_authenticated
42,discovered_local_identifier,77F43C46-4B48-12DD-419F-060162613B66,readable_is_not_authenticated
42,discovered_local_identifier,87206631-24ED-F2F2-AEA4-2C7C0B02F5A4,readable_is_not_authenticated
42,discovered_local_identifier,87206631-24ED-F2F2-AEA4-2C7C0B02F5A4,readable_is_not_authenticated
42,discovered_local_identifier,87206631-24ED-F2F2-AEA4-2C7C0B02F5A4,readable_is_not_authenticated
42,discovered_local_identifier,87206631-24ED-F2F2-AEA4-2C7C0B02F5A4,readable_is_not_authenticated
42,discovered_local_identifier,890C9DCF-DA6D-7430-B774-12B216F6A1E3,readable_is_not_authenticated
42,discovered_local_identifier,890C9DCF-DA6D-7430-B774-12B216F6A1E3,readable_is_not_authenticated
42,discovered_local_identifier,B1968B12-2E85-B8BB-BE87-3C386BEA4135,readable_is_not_authenticated
42,discovered_local_identifier,84BAEBAE-8DA5-77A5-4F8F-E235A3698449,readable_is_not_authenticated
42,discovered_local_identifier,AF39988A-7D90-9DF6-6879-2AABF1BBCB14,readable_is_not_authenticated
42,discovered_local_identifier,AF39988A-7D90-9DF6-6879-2AABF1BBCB14,readable_is_not_authenticated
42,discovered_local_identifier,87206631-24ED-F2F2-AEA4-2C7C0B02F5A4,readable_is_not_authenticated
42,discovered_local_identifier,2EF4FC09-5FD1-A806-C332-159FC0423CF8,readable_is_not_authenticated
42,discovered_local_identifier,87206631-24ED-F2F2-AEA4-2C7C0B02F5A4,readable_is_not_authenticated
42,discovered_local_identifier,87206631-24ED-F2F2-AEA4-2C7C0B02F5A4,readable_is_not_authenticated
43,discovered_local_identifier,DF08A7E0-2CD9-5D3B-D1B3-008810A3D5D1,readable_is_not_authenticated
43,discovered_local_identifier,D61CB12A-1BA8-452B-BE9C-2A34F399BBE1,readable_is_not_authenticated
43,discovered_local_identifier,D61CB12A-1BA8-452B-BE9C-2A34F399BBE1,readable_is_not_authenticated
43,discovered_local_identifier,87206631-24ED-F2F2-AEA4-2C7C0B02F5A4,readable_is_not_authenticated
43,discovered_local_identifier,84BAEBAE-8DA5-77A5-4F8F-E235A3698449,readable_is_not_authenticated
43,discovered_local_identifier,B1968B12-2E85-B8BB-BE87-3C386BEA4135,readable_is_not_authenticated
43,discovered_local_identifier,6BCF76E1-C3AD-CE48-C9B1-87561B4A57BC,readable_is_not_authenticated
43,discovered_local_identifier,54C8BD20-1ADC-C091-3DED-51EFF0C675AE,readable_is_not_authenticated
43,discovered_local_identifier,54C8BD20-1ADC-C091-3DED-51EFF0C675AE,readable_is_not_authenticated
43,discovered_local_identifier,AF39988A-7D90-9DF6-6879-2AABF1BBCB14,readable_is_not_authenticated
43,discovered_local_identifier,AF39988A-7D90-9DF6-6879-2AABF1BBCB14,readable_is_not_authenticated
43,discovered_local_identifier,890C9DCF-DA6D-7430-B774-12B216F6A1E3,readable_is_not_authenticated
43,discovered_local_identifier,87206631-24ED-F2F2-AEA4-2C7C0B02F5A4,readable_is_not_authenticated
43,discovered_local_identifier,87206631-24ED-F2F2-AEA4-2C7C0B02F5A4,readable_is_not_authenticated
43,discovered_local_identifier,77F43C46-4B48-12DD-419F-060162613B66,readable_is_not_authenticated
43,discovered_local_identifier,D0D549D6-E2C7-9B92-2B07-6D390893099D,readable_is_not_authenticated
43,discovered_local_identifier,87206631-24ED-F2F2-AEA4-2C7C0B02F5A4,readable_is_not_authenticated
43,discovered_local_identifier,87206631-24ED-F2F2-AEA4-2C7C0B02F5A4,readable_is_not_authenticated
43,discovered_local_identifier,87206631-24ED-F2F2-AEA4-2C7C0B02F5A4,readable_is_not_authenticated
43,discovered_local_identifier,58065113-A044-0B9A-45C7-B7E74995A4E8,readable_is_not_authenticated
43,discovered_local_identifier,AF39988A-7D90-9DF6-6879-2AABF1BBCB14,readable_is_not_authenticated
43,discovered_local_identifier,994A5FC9-89AC-04E5-AC50-E7FC1B87540E,readable_is_not_authenticated
43,discovered_local_identifier,D61CB12A-1BA8-452B-BE9C-2A34F399BBE1,readable_is_not_authenticated
43,discovered_local_identifier,D61CB12A-1BA8-452B-BE9C-2A34F399BBE1,readable_is_not_authenticated
43,discovered_local_identifier,87206631-24ED-F2F2-AEA4-2C7C0B02F5A4,readable_is_not_authenticated
43,discovered_local_identifier,87206631-24ED-F2F2-AEA4-2C7C0B02F5A4,readable_is_not_authenticated
44,discovered_local_identifier,5FB0FB02-99F2-3C00-8199-DEA61EC7AE10,readable_is_not_authenticated
44,discovered_local_identifier,5FB0FB02-99F2-3C00-8199-DEA61EC7AE10,readable_is_not_authenticated
44,discovered_local_identifier,83914CF5-E62D-D95A-AB9F-7977C1655B7E,readable_is_not_authenticated
44,discovered_local_identifier,AF39988A-7D90-9DF6-6879-2AABF1BBCB14,readable_is_not_authenticated
44,discovered_local_identifier,AF39988A-7D90-9DF6-6879-2AABF1BBCB14,readable_is_not_authenticated
44,discovered_local_identifier,87206631-24ED-F2F2-AEA4-2C7C0B02F5A4,readable_is_not_authenticated
44,discovered_local_identifier,87206631-24ED-F2F2-AEA4-2C7C0B02F5A4,readable_is_not_authenticated
44,discovered_local_identifier,D61CB12A-1BA8-452B-BE9C-2A34F399BBE1,readable_is_not_authenticated
44,discovered_local_identifier,D61CB12A-1BA8-452B-BE9C-2A34F399BBE1,readable_is_not_authenticated
44,discovered_local_identifier,C2774F9E-2451-A2F7-C367-A72E110C01E8,readable_is_not_authenticated
44,discovered_local_identifier,DF08A7E0-2CD9-5D3B-D1B3-008810A3D5D1,readable_is_not_authenticated
44,discovered_local_identifier,28BF2C94-96BE-C442-3704-72CA0C48AA24,readable_is_not_authenticated
44,discovered_local_identifier,AF39988A-7D90-9DF6-6879-2AABF1BBCB14,readable_is_not_authenticated
44,discovered_local_identifier,AF39988A-7D90-9DF6-6879-2AABF1BBCB14,readable_is_not_authenticated
44,discovered_local_identifier,3380E06C-7281-455A-5A03-ADE7CA131044,readable_is_not_authenticated
44,discovered_local_identifier,87206631-24ED-F2F2-AEA4-2C7C0B02F5A4,readable_is_not_authenticated
44,discovered_local_identifier,87206631-24ED-F2F2-AEA4-2C7C0B02F5A4,readable_is_not_authenticated
44,discovered_local_identifier,AF39988A-7D90-9DF6-6879-2AABF1BBCB14,readable_is_not_authenticated
44,discovered_local_identifier,87206631-24ED-F2F2-AEA4-2C7C0B02F5A4,readable_is_not_authenticated
44,discovered_local_identifier,87206631-24ED-F2F2-AEA4-2C7C0B02F5A4,readable_is_not_authenticated
44,discovered_local_identifier,C2774F9E-2451-A2F7-C367-A72E110C01E8,readable_is_not_authenticated
44,discovered_local_identifier,58065113-A044-0B9A-45C7-B7E74995A4E8,readable_is_not_authenticated
44,discovered_local_identifier,58065113-A044-0B9A-45C7-B7E74995A4E8,readable_is_not_authenticated
44,discovered_local_identifier,994A5FC9-89AC-04E5-AC50-E7FC1B87540E,readable_is_not_authenticated
45,discovered_local_identifier,AF39988A-7D90-9DF6-6879-2AABF1BBCB14,readable_is_not_authenticated
45,discovered_local_identifier,AF39988A-7D90-9DF6-6879-2AABF1BBCB14,readable_is_not_authenticated
45,discovered_local_identifier,AF39988A-7D90-9DF6-6879-2AABF1BBCB14,readable_is_not_authenticated
45,discovered_local_identifier,AF39988A-7D90-9DF6-6879-2AABF1BBCB14,readable_is_not_authenticated
45,discovered_local_identifier,B12FD0AF-5EEA-5BC6-893C-5F6CFEA51159,readable_is_not_authenticated
45,discovered_local_identifier,B12FD0AF-5EEA-5BC6-893C-5F6CFEA51159,readable_is_not_authenticated
45,discovered_local_identifier,87206631-24ED-F2F2-AEA4-2C7C0B02F5A4,readable_is_not_authenticated
45,discovered_local_identifier,28BF2C94-96BE-C442-3704-72CA0C48AA24,readable_is_not_authenticated
45,discovered_local_identifier,28BF2C94-96BE-C442-3704-72CA0C48AA24,readable_is_not_authenticated
45,discovered_local_identifier,2EF4FC09-5FD1-A806-C332-159FC0423CF8,readable_is_not_authenticated
45,discovered_local_identifier,2EF4FC09-5FD1-A806-C332-159FC0423CF8,readable_is_not_authenticated
45,discovered_local_identifier,58065113-A044-0B9A-45C7-B7E74995A4E8,readable_is_not_authenticated
45,discovered_local_identifier,58065113-A044-0B9A-45C7-B7E74995A4E8,readable_is_not_authenticated
45,discovered_local_identifier,54C8BD20-1ADC-C091-3DED-51EFF0C675AE,readable_is_not_authenticated
45,discovered_local_identifier,87206631-24ED-F2F2-AEA4-2C7C0B02F5A4,readable_is_not_authenticated
45,discovered_local_identifier,87206631-24ED-F2F2-AEA4-2C7C0B02F5A4,readable_is_not_authenticated
45,discovered_local_identifier,87206631-24ED-F2F2-AEA4-2C7C0B02F5A4,readable_is_not_authenticated
45,discovered_local_identifier,87206631-24ED-F2F2-AEA4-2C7C0B02F5A4,readable_is_not_authenticated
45,discovered_local_identifier,95340181-4ADE-FFC2-1268-164A583DBB8B,readable_is_not_authenticated
45,discovered_local_identifier,95340181-4ADE-FFC2-1268-164A583DBB8B,readable_is_not_authenticated
45,discovered_local_identifier,87206631-24ED-F2F2-AEA4-2C7C0B02F5A4,readable_is_not_authenticated
45,discovered_local_identifier,87206631-24ED-F2F2-AEA4-2C7C0B02F5A4,readable_is_not_authenticated
45,discovered_local_identifier,AF39988A-7D90-9DF6-6879-2AABF1BBCB14,readable_is_not_authenticated
45,discovered_local_identifier,95340181-4ADE-FFC2-1268-164A583DBB8B,readable_is_not_authenticated
45,discovered_local_identifier,95340181-4ADE-FFC2-1268-164A583DBB8B,readable_is_not_authenticated
45,discovered_local_identifier,B1968B12-2E85-B8BB-BE87-3C386BEA4135,readable_is_not_authenticated
45,discovered_local_identifier,B1968B12-2E85-B8BB-BE87-3C386BEA4135,readable_is_not_authenticated
45,discovered_local_identifier,AF39988A-7D90-9DF6-6879-2AABF1BBCB14,readable_is_not_authenticated
45,discovered_local_identifier,AF39988A-7D90-9DF6-6879-2AABF1BBCB14,readable_is_not_authenticated
45,discovered_local_identifier,4F6E14C6-7D00-79D8-DD68-538E5D0B5F33,readable_is_not_authenticated
45,discovered_local_identifier,4F6E14C6-7D00-79D8-DD68-538E5D0B5F33,readable_is_not_authenticated
45,discovered_local_identifier,58065113-A044-0B9A-45C7-B7E74995A4E8,readable_is_not_authenticated
45,discovered_local_identifier,58065113-A044-0B9A-45C7-B7E74995A4E8,readable_is_not_authenticated
45,discovered_local_identifier,AF39988A-7D90-9DF6-6879-2AABF1BBCB14,readable_is_not_authenticated
45,discovered_local_identifier,AF39988A-7D90-9DF6-6879-2AABF1BBCB14,readable_is_not_authenticated
45,discovered_local_identifier,87206631-24ED-F2F2-AEA4-2C7C0B02F5A4,readable_is_not_authenticated
45,discovered_local_identifier,87206631-24ED-F2F2-AEA4-2C7C0B02F5A4,readable_is_not_authenticated
46,discovered_local_identifier,5FB0FB02-99F2-3C00-8199-DEA61EC7AE10,readable_is_not_authenticated
46,discovered_local_identifier,5FB0FB02-99F2-3C00-8199-DEA61EC7AE10,readable_is_not_authenticated
46,discovered_local_identifier,AF39988A-7D90-9DF6-6879-2AABF1BBCB14,readable_is_not_authenticated
46,discovered_local_identifier,AF39988A-7D90-9DF6-6879-2AABF1BBCB14,readable_is_not_authenticated
46,discovered_local_identifier,2EF4FC09-5FD1-A806-C332-159FC0423CF8,readable_is_not_authenticated
46,discovered_local_identifier,2EF4FC09-5FD1-A806-C332-159FC0423CF8,readable_is_not_authenticated
46,discovered_local_identifier,ED70AB26-58BA-9C0C-527C-58EE2782B0F9,readable_is_not_authenticated
46,discovered_local_identifier,B12FD0AF-5EEA-5BC6-893C-5F6CFEA51159,readable_is_not_authenticated
46,discovered_local_identifier,AF39988A-7D90-9DF6-6879-2AABF1BBCB14,readable_is_not_authenticated
46,discovered_local_identifier,AF39988A-7D90-9DF6-6879-2AABF1BBCB14,readable_is_not_authenticated
46,discovered_local_identifier,87206631-24ED-F2F2-AEA4-2C7C0B02F5A4,readable_is_not_authenticated
46,discovered_local_identifier,AF39988A-7D90-9DF6-6879-2AABF1BBCB14,readable_is_not_authenticated
46,discovered_local_identifier,AF39988A-7D90-9DF6-6879-2AABF1BBCB14,readable_is_not_authenticated
46,discovered_local_identifier,87206631-24ED-F2F2-AEA4-2C7C0B02F5A4,readable_is_not_authenticated
46,discovered_local_identifier,87206631-24ED-F2F2-AEA4-2C7C0B02F5A4,readable_is_not_authenticated
46,discovered_local_identifier,58065113-A044-0B9A-45C7-B7E74995A4E8,readable_is_not_authenticated
46,discovered_local_identifier,58065113-A044-0B9A-45C7-B7E74995A4E8,readable_is_not_authenticated
46,discovered_local_identifier,890C9DCF-DA6D-7430-B774-12B216F6A1E3,readable_is_not_authenticated
46,discovered_local_identifier,87206631-24ED-F2F2-AEA4-2C7C0B02F5A4,readable_is_not_authenticated
46,discovered_local_identifier,87206631-24ED-F2F2-AEA4-2C7C0B02F5A4,readable_is_not_authenticated
46,discovered_local_identifier,B12FD0AF-5EEA-5BC6-893C-5F6CFEA51159,readable_is_not_authenticated
46,discovered_local_identifier,58065113-A044-0B9A-45C7-B7E74995A4E8,readable_is_not_authenticated
46,discovered_local_identifier,58065113-A044-0B9A-45C7-B7E74995A4E8,readable_is_not_authenticated
46,discovered_local_identifier,87206631-24ED-F2F2-AEA4-2C7C0B02F5A4,readable_is_not_authenticated
46,discovered_local_identifier,58065113-A044-0B9A-45C7-B7E74995A4E8,readable_is_not_authenticated
46,discovered_local_identifier,58065113-A044-0B9A-45C7-B7E74995A4E8,readable_is_not_authenticated
46,discovered_local_identifier,87206631-24ED-F2F2-AEA4-2C7C0B02F5A4,readable_is_not_authenticated
46,discovered_local_identifier,87206631-24ED-F2F2-AEA4-2C7C0B02F5A4,readable_is_not_authenticated
46,discovered_local_identifier,6BCF76E1-C3AD-CE48-C9B1-87561B4A57BC,readable_is_not_authenticated
46,discovered_local_identifier,6BCF76E1-C3AD-CE48-C9B1-87561B4A57BC,readable_is_not_authenticated
46,discovered_local_identifier,AF39988A-7D90-9DF6-6879-2AABF1BBCB14,readable_is_not_authenticated
46,discovered_local_identifier,87206631-24ED-F2F2-AEA4-2C7C0B02F5A4,readable_is_not_authenticated
47,discovered_local_identifier,5222C8D6-8D0B-3FEB-B729-D20EFF1A452E,readable_is_not_authenticated
47,discovered_local_identifier,5222C8D6-8D0B-3FEB-B729-D20EFF1A452E,readable_is_not_authenticated
47,discovered_local_identifier,AF39988A-7D90-9DF6-6879-2AABF1BBCB14,readable_is_not_authenticated
47,discovered_local_identifier,54C8BD20-1ADC-C091-3DED-51EFF0C675AE,readable_is_not_authenticated
47,discovered_local_identifier,54C8BD20-1ADC-C091-3DED-51EFF0C675AE,readable_is_not_authenticated
47,discovered_local_identifier,58065113-A044-0B9A-45C7-B7E74995A4E8,readable_is_not_authenticated
47,discovered_local_identifier,58065113-A044-0B9A-45C7-B7E74995A4E8,readable_is_not_authenticated
47,discovered_local_identifier,87206631-24ED-F2F2-AEA4-2C7C0B02F5A4,readable_is_not_authenticated
47,discovered_local_identifier,87206631-24ED-F2F2-AEA4-2C7C0B02F5A4,readable_is_not_authenticated
47,discovered_local_identifier,A0E1CF60-AA1C-32AE-1142-84553A7AB357,readable_is_not_authenticated
47,discovered_local_identifier,AF39988A-7D90-9DF6-6879-2AABF1BBCB14,readable_is_not_authenticated
47,discovered_local_identifier,AF39988A-7D90-9DF6-6879-2AABF1BBCB14,readable_is_not_authenticated
47,finished,inconclusive,readable_is_not_authenticated
